#ctg	length	repeat_bundle_count	repeat_bundle_sum	repeat_bundle_percentage	repeat_bundle_mean	repeat_bundle_min	repeat_bundle_max	non_repeat_bundle_count	non_repeat_bundle_sum	non_repeat_bundle_percentage	non_repeat_bundle_mean	non_repeat_bundle_min	non_repeat_bundle_max	total_bundle_count	total_bundle_coverage_percentage
0000-cA01~tB01_GU182352.1/1201488	201488	2	8315	4.1267967	4157.5	4154	4161	30	163541	81.16662	5451.3667	575	22172	32	85.29342
HG002.maternal.f1_assembly_v2_genbank::HG002#2#JAHKSD010000133.1_592162_708048_0	115886	0	0	0	NA	NA	NA	12	95728	82.605316	7977.3335	2467	22519	12	82.605316
HG002.paternal.f1_assembly_v2_genbank::HG002#1#JAHKSE010000050.1_834854_1035842_1	200988	2	8315	4.137063	4157.5	4154	4161	35	178503	88.81277	5100.086	720	22172	37	92.94983
HG00438.maternal.f1_assembly_v2_genbank::HG00438#2#JAHBCA010000129.1_837330_1010718_1	173388	0	0	0	NA	NA	NA	29	150549	86.827805	5191.3447	398	22189	29	86.827805
HG00438.paternal.f1_assembly_v2_genbank::HG00438#1#JAHBCB010000125.1_831763_1005160_1	173397	0	0	0	NA	NA	NA	30	154493	89.09785	5149.7666	598	22193	30	89.09785
HG005.maternal.f1_assembly_v2_genbank::HG005#2#JAHEPN010000180.1_299045_472582_0	173537	0	0	0	NA	NA	NA	31	156998	90.46947	5064.4517	598	22193	31	90.46947
HG005.paternal.f1_assembly_v2_genbank::HG005#1#JAHEPO010000184.1_835851_1009241_1	173390	0	0	0	NA	NA	NA	28	140775	81.189804	5027.6787	398	22196	28	81.189804
HG00621.maternal.f1_assembly_v2_genbank::HG00621#2#JAHBCC010000129.1_834402_1007798_1	173396	0	0	0	NA	NA	NA	30	156851	90.45826	5228.3667	598	22193	30	90.45826
HG00621.paternal.f1_assembly_v2_genbank::HG00621#1#JAHBCD010000095.1_832775_1006426_1	173651	0	0	0	NA	NA	NA	31	160462	92.404884	5176.1934	598	22193	31	92.404884
HG00673.maternal.f1_assembly_v2_genbank::HG00673#2#JAHBBY010000043.1_833652_1006972_1	173320	0	0	0	NA	NA	NA	31	146319	84.4213	4719.968	720	22167	31	84.4213
HG00673.paternal.f1_assembly_v2_genbank::HG00673#1#JAHBBZ010000145.1_4590982_4791740_0	200758	2	8315	4.141803	4157.5	4154	4161	34	170101	84.72938	5002.9707	720	22172	36	88.87118
HG00733.maternal.f1_assembly_v2_genbank::HG00733#2#JAHEPP010000174.1_839180_1011741_1	172561	0	0	0	NA	NA	NA	27	119408	69.197556	4422.5186	174	17554	27	69.197556
HG00733.paternal.f1_assembly_v2_genbank::HG00733#1#JAHEPQ010000185.1_837774_1104748_1	266974	8	73508	27.533768	9188.5	2467	22168	30	141208	52.89204	4706.933	575	17831	38	80.42581
HG00735.maternal.f1_assembly_v2_genbank::HG00735#2#JAHBCG010000116.1_298264_471855_0	173591	0	0	0	NA	NA	NA	28	145325	83.716896	5190.1787	398	22196	28	83.716896
HG00735.paternal.f1_assembly_v2_genbank::HG00735#1#JAHBCH010000073.1_17699834_17858412_0	158578	0	0	0	NA	NA	NA	20	127820	80.60387	6391	736	17487	20	80.60387
HG00741.maternal.f1_assembly_v2_genbank::HG00741#2#JAHALX010000148.1_299082_472811_0	173729	0	0	0	NA	NA	NA	27	146023	84.05217	5408.2593	736	17831	27	84.05217
HG00741.paternal.f1_assembly_v2_genbank::HG00741#1#JAHALY010000117.1_295489_389861_0	94372	0	0	0	NA	NA	NA	17	79626	84.3746	4683.8823	847	17484	17	84.3746
HG01071.maternal.f1_assembly_v2_genbank::HG01071#2#JAHBCE010000131.1_294057_466849_0	172792	0	0	0	NA	NA	NA	30	154523	89.42717	5150.7666	720	22195	30	89.42717
HG01071.paternal.f1_assembly_v2_genbank::HG01071#1#JAHBCF010000138.1_297124_470810_0	173686	0	0	0	NA	NA	NA	27	147184	84.74143	5451.2593	720	17831	27	84.74143
HG01106.maternal.f1_assembly_v2_genbank::HG01106#2#JAHAMB010000143.1_835026_1008903_1	173877	0	0	0	NA	NA	NA	31	166695	95.86949	5377.2583	598	23727	31	95.86949
HG01106.paternal.f1_assembly_v2_genbank::HG01106#1#JAHAMC010000033.1_32274802_32448707_0	173905	0	0	0	NA	NA	NA	30	157364	90.48849	5245.467	598	22193	30	90.48849
HG01109.maternal.f1_assembly_v2_genbank::HG01109#2#JAHEOZ010000237.1_833506_1005248_1	171742	0	0	0	NA	NA	NA	28	133207	77.56227	4757.393	372	17554	28	77.56227
HG01109.paternal.f1_assembly_v2_genbank::HG01109#1#JAHEPA010000078.1_827847_1000560_1	172713	0	0	0	NA	NA	NA	29	148609	86.0439	5124.448	398	22193	29	86.0439
HG01123.maternal.f1_assembly_v2_genbank::HG01123#2#JAGYYY010000179.1_836349_996464_1	160115	0	0	0	NA	NA	NA	19	122871	76.73922	6466.8945	736	18191	19	76.73922
HG01123.paternal.f1_assembly_v2_genbank::HG01123#1#JAGYYZ010000061.1_3765814_4015022_0	249208	12	88268	35.419407	7355.6665	2937	22172	30	125269	50.266846	4175.6333	602	17484	42	85.68626
HG01175.maternal.f1_assembly_v2_genbank::HG01175#2#JAHALZ010000205.1_582788_756441_0	173653	0	0	0	NA	NA	NA	32	149082	85.85052	4658.8125	720	22190	32	85.85052
HG01175.paternal.f1_assembly_v2_genbank::HG01175#1#JAHAMA010000152.1_834331_1021856_1	187525	0	0	0	NA	NA	NA	23	159549	85.08146	6936.913	575	23646	23	85.08146
HG01243.maternal.f1_assembly_v2_genbank::HG01243#2#JAHEOX010000171.1_303704_443155_0	139451	0	0	0	NA	NA	NA	24	115118	82.55086	4796.5835	721	17831	24	82.55086
HG01243.paternal.f1_assembly_v2_genbank::HG01243#1#JAHEOY010000134.1_250253_388917_1	138664	0	0	0	NA	NA	NA	22	104327	75.23727	4742.136	721	20783	22	75.23727
HG01258.maternal.f1_assembly_v2_genbank::HG01258#2#JAGYYU010000113.1_299534_500592_0	201058	2	8312	4.1341305	4156	4154	4158	34	174689	86.88488	5137.9116	721	22172	36	91.01901
HG01258.paternal.f1_assembly_v2_genbank::HG01258#1#JAGYYV010000133.1_293973_481958_0	187985	0	0	0	NA	NA	NA	25	160865	85.57332	6434.6	1177	23645	25	85.57332
HG01358.maternal.f1_assembly_v2_genbank::HG01358#2#JAGYZA010000025.1_833603_973381_1	139778	0	0	0	NA	NA	NA	24	106772	76.38684	4448.8335	721	15702	24	76.38684
HG01358.paternal.f1_assembly_v2_genbank::HG01358#1#JAGYZB010000106.1_583225_755031_0	171806	0	0	0	NA	NA	NA	31	155940	90.76517	5030.3228	598	22193	31	90.76517
HG01361.maternal.f1_assembly_v2_genbank::HG01361#2#JAGYYW010000161.1_835706_1023691_1	187985	0	0	0	NA	NA	NA	25	160866	85.57385	6434.64	1177	23645	25	85.57385
HG01361.paternal.f1_assembly_v2_genbank::HG01361#1#JAGYYX010000139.1_306218_479585_0	173367	2	1440	0.8306079	720	720	720	29	142103	81.96658	4900.1035	174	17355	31	82.79719
HG01891.maternal.f1_assembly_v2_genbank::HG01891#2#JAGYVN010000087.1_298487_517256_0	218769	4	11001	5.0285916	2750.25	2467	3034	30	163069	74.53935	5435.6333	398	21312	34	79.56795
HG01891.paternal.f1_assembly_v2_genbank::HG01891#1#JAGYVO010000097.1_5821820_5994947_0	173127	0	0	0	NA	NA	NA	31	145914	84.28148	4706.9033	598	22193	31	84.28148
HG01928.maternal.f1_assembly_v2_genbank::HG01928#2#JAGYVP010000102.1_834387_1007974_1	173587	0	0	0	NA	NA	NA	31	160449	92.43146	5175.7744	598	22193	31	92.43146
HG01928.paternal.f1_assembly_v2_genbank::HG01928#1#JAGYVQ010000107.1_837313_1010900_1	173587	0	0	0	NA	NA	NA	31	160449	92.43146	5175.7744	598	22193	31	92.43146
HG01952.maternal.f1_assembly_v2_genbank::HG01952#2#JAHAMD010000124.1_832821_1006198_1	173377	0	0	0	NA	NA	NA	30	159249	91.85128	5308.3	598	22193	30	91.85128
HG01952.paternal.f1_assembly_v2_genbank::HG01952#1#JAHAME010000165.1_299456_517312_0	217856	2	4934	2.2647989	2467	2467	2467	28	158162	72.599335	5648.643	494	17484	30	74.86413
HG01978.maternal.f1_assembly_v2_genbank::HG01978#2#JAGYVR010000134.1_299171_472763_0	173592	2	1440	0.8295313	720	720	720	29	157390	90.66662	5427.241	598	22193	31	91.496155
HG01978.paternal.f1_assembly_v2_genbank::HG01978#1#JAGYVS010000141.1_298020_471549_0	173529	0	0	0	NA	NA	NA	31	164278	94.6689	5299.2905	598	22193	31	94.6689
HG02055.maternal.f1_assembly_v2_genbank::HG02055#2#JAHEPJ010000212.1_294312_467954_0	173642	0	0	0	NA	NA	NA	31	146817	84.55155	4736.032	372	22192	31	84.55155
HG02055.paternal.f1_assembly_v2_genbank::HG02055#1#JAHEPK010000202.1_834823_1008130_1	173307	2	1440	0.8308955	720	720	720	26	132759	76.60337	5106.115	372	22193	28	77.434265
HG02080.maternal.f1_assembly_v2_genbank::HG02080#2#JAHEOV010000175.1_298705_472089_0	173384	0	0	0	NA	NA	NA	30	159257	91.85219	5308.567	598	22193	30	91.85219
HG02080.paternal.f1_assembly_v2_genbank::HG02080#1#JAHEOW010000218.1_835325_1008709_1	173384	0	0	0	NA	NA	NA	30	159257	91.85219	5308.567	598	22193	30	91.85219
HG02109.maternal.f1_assembly_v2_genbank::HG02109#2#JAHEPF010000275.1_564894_737681_0	172787	2	1440	0.833396	720	720	720	27	148219	85.781334	5489.593	398	22193	29	86.61473
HG02109.paternal.f1_assembly_v2_genbank::HG02109#1#JAHEPG010000292.1_297663_470197_0	172534	0	0	0	NA	NA	NA	31	139307	80.74177	4493.7744	174	17555	31	80.74177
HG02145.maternal.f1_assembly_v2_genbank::HG02145#2#JAHKSF010000134.1_299596_501273_0	201677	0	0	0	NA	NA	NA	32	171821	85.19613	5369.4063	340	22189	32	85.19613
HG02145.paternal.f1_assembly_v2_genbank::HG02145#1#JAHKSG010000059.1_837009_1009722_1	172713	0	0	0	NA	NA	NA	30	149414	86.50999	4980.467	398	22193	30	86.50999
HG02148.maternal.f1_assembly_v2_genbank::HG02148#2#JAHAMF010000230.1_299102_472629_0	173527	0	0	0	NA	NA	NA	31	164276	94.66884	5299.2256	598	22193	31	94.66884
HG02148.paternal.f1_assembly_v2_genbank::HG02148#1#JAHAMG010000101.1_299903_473487_0	173584	0	0	0	NA	NA	NA	29	144376	83.17356	4978.483	398	22196	29	83.17356
HG02257.maternal.f1_assembly_v2_genbank::HG02257#2#JAGYVH010000062.1_563517_782882_0	219365	2	4934	2.2492194	2467	2467	2467	29	165001	75.21756	5689.6895	575	18420	31	77.46678
HG02257.paternal.f1_assembly_v2_genbank::HG02257#1#JAGYVI010000097.1_835548_1036835_1	201287	2	4934	2.4512265	2467	2467	2467	28	141902	70.49735	5067.9287	398	22195	30	72.94858
HG02486.maternal.f1_assembly_v2_genbank::HG02486#2#JAGYVL010000159.1_298213_516337_0	218124	2	4934	2.262016	2467	2467	2467	31	163401	74.91198	5271	575	22163	33	77.173996
HG02486.paternal.f1_assembly_v2_genbank::HG02486#1#JAGYVM010000136.1_299837_474000_0	174163	0	0	0	NA	NA	NA	30	150337	86.31971	5011.2334	720	22192	30	86.31971
HG02559.maternal.f1_assembly_v2_genbank::HG02559#2#JAGYVJ010000108.1_300750_473520_0	172770	0	0	0	NA	NA	NA	29	154750	89.56995	5336.207	1138	22195	29	89.56995
HG02559.paternal.f1_assembly_v2_genbank::HG02559#1#JAGYVK010000087.1_830572_1003997_1	173425	0	0	0	NA	NA	NA	28	152988	88.21565	5463.857	720	22192	28	88.21565
HG02572.maternal.f1_assembly_v2_genbank::HG02572#2#JAHAOV010000319.1_200343_373877_1	173534	0	0	0	NA	NA	NA	27	134262	77.36928	4972.6665	847	22192	27	77.36928
HG02572.paternal.f1_assembly_v2_genbank::HG02572#1#JAHAOW010000241.1_3016025_3189642_0	173617	4	3134	1.8051227	783.5	720	847	26	128152	73.81305	4928.923	174	17554	30	75.61817
HG02622.maternal.f1_assembly_v2_genbank::HG02622#2#JAHAON010000045.1_18900365_19072869_0	172504	0	0	0	NA	NA	NA	30	143351	83.100105	4778.3667	598	22193	30	83.100105
HG02622.paternal.f1_assembly_v2_genbank::HG02622#1#JAHAOO010000056.1_828830_1050756_1	221926	4	48177	21.708588	12044.25	2937	22172	28	123626	55.705956	4415.2144	372	20776	32	77.41454
HG02630.maternal.f1_assembly_v2_genbank::HG02630#2#JAHAOP010000210.1_837498_1021437_1	183939	4	5260	2.8596437	1315	720	1910	24	126674	68.86739	5278.0835	372	22171	28	71.72704
HG02630.paternal.f1_assembly_v2_genbank::HG02630#1#JAHAOQ010000252.1_834970_1083603_1	248633	16	95937	38.58579	5996.0625	720	22172	25	111022	44.65296	4440.88	372	20791	41	83.23875
HG02717.maternal.f1_assembly_v2_genbank::HG02717#2#JAHAOR010000162.1_833182_1055109_1	221927	4	48177	21.70849	12044.25	2937	22172	28	123626	55.705704	4415.2144	372	20776	32	77.41419
HG02717.paternal.f1_assembly_v2_genbank::HG02717#1#JAHAOS010000179.1_581404_754061_0	172657	0	0	0	NA	NA	NA	31	150956	87.43115	4869.5483	398	22192	31	87.43115
HG02723.maternal.f1_assembly_v2_genbank::HG02723#2#JAHEOT010000088.1_37257031_37416820_0	159789	0	0	0	NA	NA	NA	19	125221	78.36647	6590.579	736	18191	19	78.36647
HG02723.paternal.f1_assembly_v2_genbank::HG02723#1#JAHEOU010000160.1_7535997_7693627_0	157630	0	0	0	NA	NA	NA	26	137479	87.21626	5287.654	598	22193	26	87.21626
HG02818.maternal.f1_assembly_v2_genbank::HG02818#2#JAHEOR010000206.1_297095_469917_0	172822	0	0	0	NA	NA	NA	32	133624	77.31886	4175.75	174	17487	32	77.31886
HG02818.paternal.f1_assembly_v2_genbank::HG02818#1#JAHEOS010000102.1_833935_1006963_1	173028	0	0	0	NA	NA	NA	29	150329	86.88132	5183.759	720	22193	29	86.88132
HG02886.maternal.f1_assembly_v2_genbank::HG02886#2#JAHAOT010000133.1_6763675_6937214_0	173539	0	0	0	NA	NA	NA	27	134267	77.36993	4972.852	847	22192	27	77.36993
HG02886.paternal.f1_assembly_v2_genbank::HG02886#1#JAHAOU010000217.1_834195_1035242_1	201047	4	16153	8.03444	4038.25	3320	4521	34	163070	81.11039	4796.1763	372	22172	38	89.14483
HG03098.maternal.f1_assembly_v2_genbank::HG03098#2#JAHEPL010000046.1_835621_1008336_1	172715	0	0	0	NA	NA	NA	31	150950	87.398315	4869.355	398	22193	31	87.398315
HG03098.paternal.f1_assembly_v2_genbank::HG03098#1#JAHEPM010000188.1_833962_972628_1	138666	0	0	0	NA	NA	NA	20	99121	71.481834	4956.05	721	20783	20	71.481834
HG03453.maternal.f1_assembly_v2_genbank::HG03453#2#JAGYVV010000042.1_30798999_30999616_0	200617	2	4934	2.4594128	2467	2467	2467	32	160149	79.82823	5004.6563	864	22193	34	82.28764
HG03453.paternal.f1_assembly_v2_genbank::HG03453#1#JAGYVW010000118.1_837211_1010639_1	173428	0	0	0	NA	NA	NA	28	158270	91.25977	5652.5	720	22192	28	91.25977
HG03486.maternal.f1_assembly_v2_genbank::HG03486#2#JAHEOP010000016.1_835223_1007715_1	172492	4	3134	1.8168958	783.5	720	847	26	146230	84.77495	5624.231	398	22193	30	86.59184
HG03486.paternal.f1_assembly_v2_genbank::HG03486#1#JAHEOQ010000261.1_296362_470004_0	173642	0	0	0	NA	NA	NA	31	144384	83.15039	4657.5483	372	22192	31	83.15039
HG03492.maternal.f1_assembly_v2_genbank::HG03492#2#JAHEPH010000299.1_836332_1010235_1	173903	0	0	0	NA	NA	NA	31	150523	86.555725	4855.5806	720	22190	31	86.555725
HG03492.paternal.f1_assembly_v2_genbank::HG03492#1#JAHEPI010000260.1_834790_1008472_1	173682	0	0	0	NA	NA	NA	28	142753	82.19217	5098.3213	398	22196	28	82.19217
HG03516.maternal.f1_assembly_v2_genbank::HG03516#2#JAGYYS010000151.1_833723_1052135_1	218412	2	4934	2.2590334	2467	2467	2467	31	169239	77.48613	5459.3228	575	22188	33	79.74516
HG03516.paternal.f1_assembly_v2_genbank::HG03516#1#JAGYYT010000024.1_4587110_4759647_0	172537	0	0	0	NA	NA	NA	31	139310	80.7421	4493.871	174	17554	31	80.7421
HG03540.maternal.f1_assembly_v2_genbank::HG03540#2#JAGYVX010000033.1_16994016_17133551_0	139535	0	0	0	NA	NA	NA	23	115524	82.79213	5022.7827	720	21078	23	82.79213
HG03540.paternal.f1_assembly_v2_genbank::HG03540#1#JAGYVY010000043.1_32102279_32275947_0	173668	0	0	0	NA	NA	NA	27	144601	83.26289	5355.593	720	22194	27	83.26289
HG03579.maternal.f1_assembly_v2_genbank::HG03579#2#JAGYVT010000021.1_833327_1051428_1	218101	2	4934	2.2622547	2467	2467	2467	31	177305	81.29491	5719.516	575	22190	33	83.55716
HG03579.paternal.f1_assembly_v2_genbank::HG03579#1#JAGYVU010000183.1_581359_755271_0	173912	0	0	0	NA	NA	NA	31	143556	82.5452	4630.839	372	17484	31	82.5452
KIR48JW_10_asm_ctg_m::ctg000000_P_1965_165241_1	163276	4	13211	8.0912075	3302.75	375	4521	28	136147	83.384575	4862.393	720	22172	32	91.475784
KIR48JW_10_asm_ctg_m::ctg000001_P_195_106365_0	106170	0	0	0	NA	NA	NA	17	78594	74.02656	4623.1763	174	18823	17	74.02656
KIR48JW_10_asm_ctg_m::ctg000002_P_194_47943_0	47749	0	0	0	NA	NA	NA	3	32745	68.577354	10915	3034	15703	3	68.577354
KIR48JW_10_asm_ctg_m::ctg000003_P_111_32157_1	32046	0	0	0	NA	NA	NA	3	24758	77.25769	8252.667	3431	17486	3	77.25769
KIR48JW_10_asm_ctg_m::ctg000004_P_9154_13974_0	4820	0	0	0	NA	NA	NA	0	0	0	NA	NA	NA	0	0
KIR48JW_10_asm_ctg_m::ctg000005_P_9621_14436_0	4815	0	0	0	NA	NA	NA	0	0	0	NA	NA	NA	0	0
KIR48JW_10_asm_ctg_m::ctg000013_P_180_20400_1	20220	0	0	0	NA	NA	NA	2	13803	68.26409	6901.5	5895	7908	2	68.26409
KIR48JW_11_asm_ctg_m::ctg000000_P_1377_137386_1	136009	0	0	0	NA	NA	NA	25	120449	88.55958	4817.96	598	22191	25	88.55958
KIR48JW_11_asm_ctg_m::ctg000001_P_472_32311_0	31839	0	0	0	NA	NA	NA	3	27023	84.87389	9007.667	3432	17484	3	84.87389
KIR48JW_11_asm_ctg_m::ctg000002_P_3743_8693_1	4950	0	0	0	NA	NA	NA	0	0	0	NA	NA	NA	0	0
KIR48JW_11_asm_ctg_m::ctg000012_P_132_101571_0	101439	0	0	0	NA	NA	NA	14	86102	84.88057	6150.143	398	22195	14	84.88057
KIR48JW_12_asm_ctg_m::ctg000000_P_252_164151_0	163899	2	4934	3.0103905	2467	2467	2467	23	109584	66.86069	4764.522	575	22163	25	69.87108
KIR48JW_12_asm_ctg_m::ctg000001_P_211_135244_0	135033	0	0	0	NA	NA	NA	23	111585	82.63535	4851.522	1455	22193	23	82.63535
KIR48JW_12_asm_ctg_m::ctg000002_P_419_46945_0	46526	0	0	0	NA	NA	NA	3	37753	81.143875	12584.333	3034	17483	3	81.143875
KIR48JW_12_asm_ctg_m::ctg000003_P_203_32249_0	32046	0	0	0	NA	NA	NA	3	22047	68.79798	7349	1946	13974	3	68.79798
KIR48JW_12_asm_ctg_m::ctg000004_P_269_5073_1	4804	0	0	0	NA	NA	NA	0	0	0	NA	NA	NA	0	0
KIR48JW_12_asm_ctg_m::ctg000005_P_11617_16567_0	4950	0	0	0	NA	NA	NA	0	0	0	NA	NA	NA	0	0
KIR48JW_13_asm_ctg_m::ctg000000_P_246_136098_0	135852	0	0	0	NA	NA	NA	26	108942	80.19168	4190.077	174	17350	26	80.19168
KIR48JW_13_asm_ctg_m::ctg000001_P_70_32074_0	32004	0	0	0	NA	NA	NA	3	27042	84.49569	9014	3435	17480	3	84.49569
KIR48JW_13_asm_ctg_m::ctg000002_P_97_32291_0	32194	0	0	0	NA	NA	NA	2	20055	62.294216	10027.5	6107	13948	2	62.294216
KIR48JW_13_asm_ctg_m::ctg000003_P_10814_15770_0	4956	0	0	0	NA	NA	NA	0	0	0	NA	NA	NA	0	0
KIR48JW_13_asm_ctg_m::ctg000004_P_215_4858_1	4643	0	0	0	NA	NA	NA	0	0	0	NA	NA	NA	0	0
KIR48JW_13_asm_ctg_m::ctg000013_P_255_136040_0	135785	0	0	0	NA	NA	NA	27	119464	87.98026	4424.593	720	22188	27	87.98026
KIR48JW_13_asm_ctg_m::ctg000014_P_7867_14355_1	6488	0	0	0	NA	NA	NA	0	0	0	NA	NA	NA	0	0
KIR48JW_13_asm_ctg_m::ctg000033_P_182_11765_0	11583	0	0	0	NA	NA	NA	3	7702	66.494	2567.3333	720	5076	3	66.494
KIR48JW_14_asm_ctg_m::ctg000000_P_214_136182_0	135968	0	0	0	NA	NA	NA	26	109604	80.610146	4215.5386	174	17349	26	80.610146
KIR48JW_14_asm_ctg_m::ctg000001_P_215_134914_1	134699	0	0	0	NA	NA	NA	24	112128	83.24338	4672	736	16716	24	83.24338
KIR48JW_14_asm_ctg_m::ctg000002_P_83_32359_0	32276	0	0	0	NA	NA	NA	2	20134	62.380714	10067	6129	14005	2	62.380714
KIR48JW_14_asm_ctg_m::ctg000003_P_384_31991_1	31607	0	0	0	NA	NA	NA	5	28998	91.7455	5799.6	372	17483	5	91.7455
KIR48JW_14_asm_ctg_m::ctg000004_P_316_5267_1	4951	0	0	0	NA	NA	NA	0	0	0	NA	NA	NA	0	0
KIR48JW_14_asm_ctg_m::ctg000005_P_359_5166_1	4807	0	0	0	NA	NA	NA	0	0	0	NA	NA	NA	0	0
KIR48JW_14_asm_ctg_m::ctg000013_P_156_17113_0	16957	0	0	0	NA	NA	NA	3	10584	62.416702	3528	1617	5236	3	62.416702
KIR48JW_15_asm_ctg_m::ctg000000_P_2189_135417_1	133228	0	0	0	NA	NA	NA	21	115452	86.65746	5497.7144	721	23645	21	86.65746
KIR48JW_15_asm_ctg_m::ctg000001_P_473_47993_0	47520	0	0	0	NA	NA	NA	3	37754	79.448654	12584.667	3034	17483	3	79.448654
KIR48JW_15_asm_ctg_m::ctg000002_P_110_28670_0	28560	0	0	0	NA	NA	NA	4	20033	70.143555	5008.25	852	9357	4	70.143555
KIR48JW_15_asm_ctg_m::ctg000003_P_8349_13301_0	4952	0	0	0	NA	NA	NA	0	0	0	NA	NA	NA	0	0
KIR48JW_15_asm_ctg_m::ctg000004_P_307_4950_1	4643	0	0	0	NA	NA	NA	0	0	0	NA	NA	NA	0	0
KIR48JW_15_asm_ctg_m::ctg000017_P_92_77011_0	76919	0	0	0	NA	NA	NA	11	58648	76.246445	5331.636	598	20130	11	76.246445
KIR48JW_15_asm_ctg_m::ctg000018_P_668_48556_1	47888	0	0	0	NA	NA	NA	3	36216	75.626465	12072	3033	17480	3	75.626465
KIR48JW_16_asm_ctg_m::ctg000000_P_249_163523_0	163274	2	8315	5.092666	4157.5	4154	4161	30	144337	88.4017	4811.2334	720	22171	32	93.49437
KIR48JW_16_asm_ctg_m::ctg000001_P_191_55700_0	55509	0	0	0	NA	NA	NA	11	42177	75.98228	3834.2727	1145	9358	11	75.98228
KIR48JW_16_asm_ctg_m::ctg000002_P_451_32241_0	31790	0	0	0	NA	NA	NA	3	24735	77.80749	8245	3432	17482	3	77.80749
KIR48JW_16_asm_ctg_m::ctg000003_P_267_32032_0	31765	0	0	0	NA	NA	NA	5	29000	91.29545	5800	372	17487	5	91.29545
KIR48JW_16_asm_ctg_m::ctg000004_P_305_5262_1	4957	0	0	0	NA	NA	NA	0	0	0	NA	NA	NA	0	0
KIR48JW_16_asm_ctg_m::ctg000005_P_11835_16523_0	4688	0	0	0	NA	NA	NA	0	0	0	NA	NA	NA	0	0
KIR48JW_16_asm_ctg_m::ctg000016_P_66_20535_1	20469	0	0	0	NA	NA	NA	3	16626	81.225266	5542	3432	9374	3	81.225266
KIR48JW_16_asm_ctg_m::ctg000017_P_80_20051_1	19971	0	0	0	NA	NA	NA	4	14736	73.786995	3684	3241	4161	4	73.786995
KIR48JW_17_asm_ctg_m::ctg000000_P_1620_137300_1	135680	0	0	0	NA	NA	NA	23	112422	82.85819	4887.913	736	16713	23	82.85819
KIR48JW_17_asm_ctg_m::ctg000001_P_1982_107325_1	105343	0	0	0	NA	NA	NA	15	84660	80.36604	5644	398	23666	15	80.36604
KIR48JW_17_asm_ctg_m::ctg000002_P_439_48263_1	47824	0	0	0	NA	NA	NA	3	32750	68.48026	10916.667	3034	15705	3	68.48026
KIR48JW_17_asm_ctg_m::ctg000003_P_72_32151_1	32079	0	0	0	NA	NA	NA	2	20134	62.7638	10067	6127	14007	2	62.7638
KIR48JW_17_asm_ctg_m::ctg000004_P_413_5220_1	4807	0	0	0	NA	NA	NA	0	0	0	NA	NA	NA	0	0
KIR48JW_17_asm_ctg_m::ctg000005_P_7507_12464_0	4957	0	0	0	NA	NA	NA	0	0	0	NA	NA	NA	0	0
KIR48JW_17_asm_ctg_m::ctg000009_P_502_19408_0	18906	0	0	0	NA	NA	NA	2	4531	23.965937	2265.5	2064	2467	2	23.965937
KIR48JW_1_asm_ctg_m::ctg000000_P_2422_138330_1	135908	0	0	0	NA	NA	NA	24	107111	78.8114	4462.9585	174	22195	24	78.8114
KIR48JW_1_asm_ctg_m::ctg000001_P_264_136166_0	135902	0	0	0	NA	NA	NA	26	120756	88.8552	4644.4614	598	22191	26	88.8552
KIR48JW_1_asm_ctg_m::ctg000002_P_391_32247_0	31856	0	0	0	NA	NA	NA	3	27042	84.888245	9014	3432	17483	3	84.888245
KIR48JW_1_asm_ctg_m::ctg000003_P_382_32221_0	31839	0	0	0	NA	NA	NA	3	22021	69.163605	7340.3335	1946	13968	3	69.163605
KIR48JW_1_asm_ctg_m::ctg000004_P_345_5160_1	4815	0	0	0	NA	NA	NA	0	0	0	NA	NA	NA	0	0
KIR48JW_1_asm_ctg_m::ctg000013_P_3957_8907_1	4950	0	0	0	NA	NA	NA	0	0	0	NA	NA	NA	0	0
KIR48JW_1_asm_ctg_m::ctg000014_P_59_19138_0	19079	0	0	0	NA	NA	NA	3	14425	75.60669	4808.3335	2937	6001	3	75.60669
KIR48JW_25_asm_ctg_m::ctg000000_P_419_135973_1	135554	0	0	0	NA	NA	NA	24	116126	85.6677	4838.5835	720	16717	24	85.6677
KIR48JW_25_asm_ctg_m::ctg000001_P_133_32165_1	32032	0	0	0	NA	NA	NA	3	24742	77.24151	8247.333	3437	17485	3	77.24151
KIR48JW_25_asm_ctg_m::ctg000002_P_314_31923_1	31609	0	0	0	NA	NA	NA	5	29000	91.746025	5800	372	17484	5	91.746025
KIR48JW_25_asm_ctg_m::ctg000003_P_12548_17072_0	4524	0	0	0	NA	NA	NA	0	0	0	NA	NA	NA	0	0
KIR48JW_25_asm_ctg_m::ctg000004_P_8361_13049_0	4688	0	0	0	NA	NA	NA	0	0	0	NA	NA	NA	0	0
KIR48JW_25_asm_ctg_m::ctg000011_P_167_55132_1	54965	0	0	0	NA	NA	NA	12	41476	75.45893	3456.3333	720	13687	12	75.45893
KIR48JW_25_asm_ctg_m::ctg000012_P_356_34949_0	34593	0	0	0	NA	NA	NA	4	22077	63.81927	5519.25	1455	9359	4	63.81927
KIR48JW_25_asm_ctg_m::ctg000013_P_519_39857_1	39338	0	0	0	NA	NA	NA	7	30140	76.61803	4305.7144	509	10226	7	76.61803
KIR48JW_25_asm_ctg_m::ctg000014_P_93_17566_0	17473	0	0	0	NA	NA	NA	1	2936	16.803068	2936	2936	2936	1	16.803068
KIR48JW_26_asm_ctg_m::ctg000000_P_69_136009_0	135940	0	0	0	NA	NA	NA	24	116130	85.42739	4838.75	720	16717	24	85.42739
KIR48JW_26_asm_ctg_m::ctg000001_P_206_133785_0	133579	0	0	0	NA	NA	NA	22	118990	89.07838	5408.636	721	23644	22	89.07838
KIR48JW_26_asm_ctg_m::ctg000002_P_107_35756_0	35649	0	0	0	NA	NA	NA	2	18735	52.55407	9367.5	3035	15700	2	52.55407
KIR48JW_26_asm_ctg_m::ctg000003_P_95_31957_1	31862	0	0	0	NA	NA	NA	3	24758	77.70385	8252.667	3431	17486	3	77.70385
KIR48JW_26_asm_ctg_m::ctg000004_P_338_5288_1	4950	0	0	0	NA	NA	NA	0	0	0	NA	NA	NA	0	0
KIR48JW_26_asm_ctg_m::ctg000005_P_251_18976_1	18725	0	0	0	NA	NA	NA	1	14007	74.80374	14007	14007	14007	1	74.80374
KIR48JW_26_asm_ctg_m::ctg000016_P_113_31123_0	31010	0	0	0	NA	NA	NA	9	25924	83.59884	2880.4443	721	5987	9	83.59884
KIR48JW_26_asm_ctg_m::ctg000017_P_462_17563_1	17101	0	0	0	NA	NA	NA	1	13975	81.72037	13975	13975	13975	1	81.72037
KIR48JW_27_asm_ctg_m::ctg000000_P_2010_137915_1	135905	0	0	0	NA	NA	NA	26	121834	89.64645	4685.923	598	22193	26	89.64645
KIR48JW_27_asm_ctg_m::ctg000001_P_481_48001_0	47520	0	0	0	NA	NA	NA	3	37753	79.44655	12584.333	3034	17482	3	79.44655
KIR48JW_27_asm_ctg_m::ctg000002_P_190_32286_0	32096	0	0	0	NA	NA	NA	2	20151	62.783524	10075.5	6131	14020	2	62.783524
KIR48JW_27_asm_ctg_m::ctg000003_P_290_5247_1	4957	0	0	0	NA	NA	NA	0	0	0	NA	NA	NA	0	0
KIR48JW_27_asm_ctg_m::ctg000004_P_12492_17180_0	4688	0	0	0	NA	NA	NA	0	0	0	NA	NA	NA	0	0
KIR48JW_27_asm_ctg_m::ctg000012_P_136_39711_1	39575	0	0	0	NA	NA	NA	3	29073	73.46304	9691	2467	23666	3	73.46304
KIR48JW_28_asm_ctg_m::ctg000000_P_61_136223_0	136162	0	0	0	NA	NA	NA	24	115992	85.18676	4833	720	22195	24	85.18676
KIR48JW_28_asm_ctg_m::ctg000001_P_465_32323_0	31858	0	0	0	NA	NA	NA	3	24755	77.704185	8251.667	3431	17483	3	77.704185
KIR48JW_28_asm_ctg_m::ctg000002_P_76_4896_1	4820	0	0	0	NA	NA	NA	0	0	0	NA	NA	NA	0	0
KIR48JW_28_asm_ctg_m::ctg000003_P_7841_12582_0	4741	0	0	0	NA	NA	NA	0	0	0	NA	NA	NA	0	0
KIR48JW_28_asm_ctg_m::ctg000010_P_118_32182_1	32064	0	0	0	NA	NA	NA	2	17827	55.59818	8913.5	3820	14007	2	55.59818
KIR48JW_28_asm_ctg_m::ctg000011_P_183_30398_1	30215	0	0	0	NA	NA	NA	6	19669	65.09681	3278.1667	2344	4161	6	65.09681
KIR48JW_28_asm_ctg_m::ctg000012_P_609_21588_1	20979	0	0	0	NA	NA	NA	5	19528	93.08356	3905.6	720	9359	5	93.08356
KIR48JW_28_asm_ctg_m::ctg000013_P_119_19109_0	18990	0	0	0	NA	NA	NA	3	8298	43.696682	2766	1455	4588	3	43.696682
KIR48JW_28_asm_ctg_m::ctg000014_P_14029_16831_1	2802	0	0	0	NA	NA	NA	0	0	0	NA	NA	NA	0	0
KIR48JW_29_asm_ctg_m::ctg000000_P_189_136154_0	135965	0	0	0	NA	NA	NA	27	115918	85.25577	4293.2593	174	17352	27	85.25577
KIR48JW_29_asm_ctg_m::ctg000001_P_99_32308_0	32209	0	0	0	NA	NA	NA	3	24737	76.80151	8245.667	3436	17481	3	76.80151
KIR48JW_29_asm_ctg_m::ctg000002_P_93_32310_0	32217	0	0	0	NA	NA	NA	3	27023	83.878075	9007.667	3432	17484	3	83.878075
KIR48JW_29_asm_ctg_m::ctg000003_P_7703_12348_0	4645	0	0	0	NA	NA	NA	0	0	0	NA	NA	NA	0	0
KIR48JW_29_asm_ctg_m::ctg000004_P_12551_17239_0	4688	0	0	0	NA	NA	NA	0	0	0	NA	NA	NA	0	0
KIR48JW_29_asm_ctg_m::ctg000015_P_189_48467_0	48278	0	0	0	NA	NA	NA	12	38434	79.60976	3202.8333	720	6533	12	79.60976
KIR48JW_29_asm_ctg_m::ctg000016_P_8404_35696_0	27292	0	0	0	NA	NA	NA	4	19452	71.273636	4863	1455	8170	4	71.273636
KIR48JW_29_asm_ctg_m::ctg000017_P_103_29176_0	29073	0	0	0	NA	NA	NA	5	11577	39.820454	2315.4	174	6490	5	39.820454
KIR48JW_29_asm_ctg_m::ctg000018_P_305_16457_0	16152	0	0	0	NA	NA	NA	2	11163	69.11218	5581.5	1806	9357	2	69.11218
KIR48JW_2_asm_ctg_m::ctg000000_P_280_135957_0	135677	0	0	0	NA	NA	NA	23	114558	84.43436	4980.7827	736	16718	23	84.43436
KIR48JW_2_asm_ctg_m::ctg000001_P_290_106356_0	106066	0	0	0	NA	NA	NA	17	78429	73.94358	4613.4707	174	18828	17	73.94358
KIR48JW_2_asm_ctg_m::ctg000002_P_332_48104_0	47772	0	0	0	NA	NA	NA	3	37752	79.02537	12584	3034	17482	3	79.02537
KIR48JW_2_asm_ctg_m::ctg000003_P_104_32431_1	32327	0	0	0	NA	NA	NA	2	20134	62.282303	10067	6127	14007	2	62.282303
KIR48JW_2_asm_ctg_m::ctg000004_P_4487_9444_1	4957	0	0	0	NA	NA	NA	0	0	0	NA	NA	NA	0	0
KIR48JW_2_asm_ctg_m::ctg000005_P_302_4990_1	4688	0	0	0	NA	NA	NA	0	0	0	NA	NA	NA	0	0
KIR48JW_30_asm_ctg_m::ctg000000_P_1278_134863_1	133585	0	0	0	NA	NA	NA	21	116662	87.331665	5555.3335	1177	23644	21	87.331665
KIR48JW_30_asm_ctg_m::ctg000001_P_71_47958_0	47887	0	0	0	NA	NA	NA	3	32705	68.296196	10901.667	3034	15703	3	68.296196
KIR48JW_30_asm_ctg_m::ctg000002_P_9054_14004_0	4950	0	0	0	NA	NA	NA	0	0	0	NA	NA	NA	0	0
KIR48JW_30_asm_ctg_m::ctg000016_P_1999_99539_1	97540	0	0	0	NA	NA	NA	15	77699	79.6586	5179.933	598	14429	15	79.6586
KIR48JW_30_asm_ctg_m::ctg000017_P_61_34661_1	34600	0	0	0	NA	NA	NA	2	27537	79.58671	13768.5	13529	14008	2	79.58671
KIR48JW_30_asm_ctg_m::ctg000018_P_8737_13380_0	4643	0	0	0	NA	NA	NA	0	0	0	NA	NA	NA	0	0
KIR48JW_31_asm_ctg_m::ctg000000_P_3064_166327_1	163263	2	8312	5.0911717	4156	4154	4158	28	143059	87.62488	5109.25	721	22169	30	92.71605
KIR48JW_31_asm_ctg_m::ctg000001_P_209_50007_0	49798	0	0	0	NA	NA	NA	8	39082	78.481064	4885.25	737	10229	8	78.481064
KIR48JW_31_asm_ctg_m::ctg000002_P_3071_38930_1	35859	0	0	0	NA	NA	NA	5	28813	80.350815	5762.6	1455	9359	5	80.350815
KIR48JW_31_asm_ctg_m::ctg000003_P_444_32302_0	31858	0	0	0	NA	NA	NA	3	27044	84.8892	9014.667	3431	17485	3	84.8892
KIR48JW_31_asm_ctg_m::ctg000004_P_175_31974_1	31799	0	0	0	NA	NA	NA	2	17828	56.064655	8914	3820	14008	2	56.064655
KIR48JW_31_asm_ctg_m::ctg000005_P_129_4949_1	4820	0	0	0	NA	NA	NA	0	0	0	NA	NA	NA	0	0
KIR48JW_31_asm_ctg_m::ctg000006_P_266_5217_1	4951	0	0	0	NA	NA	NA	0	0	0	NA	NA	NA	0	0
KIR48JW_31_asm_ctg_m::ctg000018_P_137_65646_1	65509	0	0	0	NA	NA	NA	13	54579	83.31527	4198.385	720	16717	13	83.31527
KIR48JW_32_asm_ctg_m::ctg000000_P_292_136195_0	135903	0	0	0	NA	NA	NA	26	126308	92.93982	4858	598	22192	26	92.93982
KIR48JW_32_asm_ctg_m::ctg000001_P_101_32149_1	32048	0	0	0	NA	NA	NA	3	22048	68.79681	7349.3335	1946	13975	3	68.79681
KIR48JW_32_asm_ctg_m::ctg000002_P_375_32214_0	31839	0	0	0	NA	NA	NA	3	27023	84.87389	9007.667	3433	17483	3	84.87389
KIR48JW_32_asm_ctg_m::ctg000003_P_353_5166_1	4813	0	0	0	NA	NA	NA	0	0	0	NA	NA	NA	0	0
KIR48JW_32_asm_ctg_m::ctg000004_P_340_5146_1	4806	0	0	0	NA	NA	NA	0	0	0	NA	NA	NA	0	0
KIR48JW_32_asm_ctg_m::ctg000015_P_122_108364_0	108242	0	0	0	NA	NA	NA	16	87560	80.892815	5472.5	1455	22194	16	80.892815
KIR48JW_32_asm_ctg_m::ctg000016_P_252_37237_0	36985	0	0	0	NA	NA	NA	9	31998	86.51615	3555.3333	720	6533	9	86.51615
KIR48JW_32_asm_ctg_m::ctg000017_P_157_4477_1	4320	0	0	0	NA	NA	NA	0	0	0	NA	NA	NA	0	0
KIR48JW_33_asm_ctg_m::ctg000000_P_2181_170964_1	168783	6	27387	16.22616	4564.5	3633	7284	19	119717	70.929535	6300.8945	575	22165	25	87.1557
KIR48JW_33_asm_ctg_m::ctg000001_P_1305_137077_1	135772	0	0	0	NA	NA	NA	24	119639	88.11758	4984.9585	720	16717	24	88.11758
KIR48JW_33_asm_ctg_m::ctg000002_P_1584_48107_1	46523	0	0	0	NA	NA	NA	3	37751	81.14481	12583.667	3034	17483	3	81.14481
KIR48JW_33_asm_ctg_m::ctg000003_P_71_31950_1	31879	0	0	0	NA	NA	NA	2	17825	55.91455	8912.5	3819	14006	2	55.91455
KIR48JW_33_asm_ctg_m::ctg000004_P_12837_17794_0	4957	0	0	0	NA	NA	NA	0	0	0	NA	NA	NA	0	0
KIR48JW_33_asm_ctg_m::ctg000005_P_118_4931_1	4813	0	0	0	NA	NA	NA	0	0	0	NA	NA	NA	0	0
KIR48JW_33_asm_ctg_m::ctg000019_P_250_20628_0	20378	0	0	0	NA	NA	NA	3	6458	31.69104	2152.6667	575	3416	3	31.69104
KIR48JW_34_asm_ctg_m::ctg000000_P_3245_139255_1	136010	0	0	0	NA	NA	NA	25	121971	89.67796	4878.84	928	22194	25	89.67796
KIR48JW_34_asm_ctg_m::ctg000001_P_127_31964_1	31837	0	0	0	NA	NA	NA	3	24732	77.6832	8244	3432	17481	3	77.6832
KIR48JW_34_asm_ctg_m::ctg000002_P_438_5179_1	4741	0	0	0	NA	NA	NA	0	0	0	NA	NA	NA	0	0
KIR48JW_34_asm_ctg_m::ctg000013_P_569_66500_1	65931	0	0	0	NA	NA	NA	12	60056	91.08917	5004.6665	720	22194	12	91.08917
KIR48JW_34_asm_ctg_m::ctg000014_P_9377_46543_0	37166	0	0	0	NA	NA	NA	5	28814	77.52785	5762.8	1455	9351	5	77.52785
KIR48JW_34_asm_ctg_m::ctg000015_P_162_21479_1	21317	0	0	0	NA	NA	NA	3	17312	81.21218	5770.6665	3431	7753	3	81.21218
KIR48JW_34_asm_ctg_m::ctg000025_P_60_18190_1	18130	0	0	0	NA	NA	NA	2	5876	32.41037	2938	1455	4421	2	32.41037
KIR48JW_35_asm_ctg_m::ctg000000_P_233_164361_0	164128	2	4934	3.0061903	2467	2467	2467	25	111015	67.63928	4440.6	575	17349	27	70.64547
KIR48JW_35_asm_ctg_m::ctg000001_P_188_136190_0	136002	0	0	0	NA	NA	NA	25	115180	84.68993	4607.2	598	22191	25	84.68993
KIR48JW_35_asm_ctg_m::ctg000002_P_1621_48143_1	46522	0	0	0	NA	NA	NA	3	37749	81.14226	12583	3034	17482	3	81.14226
KIR48JW_35_asm_ctg_m::ctg000003_P_83_17373_1	17290	0	0	0	NA	NA	NA	1	13969	80.792366	13969	13969	13969	1	80.792366
KIR48JW_35_asm_ctg_m::ctg000004_P_12600_17550_0	4950	0	0	0	NA	NA	NA	0	0	0	NA	NA	NA	0	0
KIR48JW_35_asm_ctg_m::ctg000017_P_57_16881_0	16824	0	0	0	NA	NA	NA	3	13070	77.68664	4356.6665	3432	6127	3	77.68664
KIR48JW_35_asm_ctg_m::ctg000018_P_272_14608_0	14336	0	0	0	NA	NA	NA	2	9829	68.56166	4914.5	4588	5241	2	68.56166
KIR48JW_36_asm_ctg_m::ctg000000_P_2322_221130_1	218808	24	121776	55.654274	5074	720	22188	10	47186	21.565025	4718.6	1910	10228	34	77.2193
KIR48JW_36_asm_ctg_m::ctg000001_P_375_32210_0	31835	0	0	0	NA	NA	NA	3	27020	84.87514	9006.667	3433	17481	3	84.87514
KIR48JW_36_asm_ctg_m::ctg000002_P_78_32705_1	32627	0	0	0	NA	NA	NA	7	26201	80.30466	3743	2343	6533	7	80.30466
KIR48JW_36_asm_ctg_m::ctg000003_P_316_5266_1	4950	0	0	0	NA	NA	NA	0	0	0	NA	NA	NA	0	0
KIR48JW_36_asm_ctg_m::ctg000011_P_128_22222_1	22094	0	0	0	NA	NA	NA	3	16644	75.33267	5548	3430	9374	3	75.33267
KIR48JW_36_asm_ctg_m::ctg000012_P_441_25313_0	24872	0	0	0	NA	NA	NA	2	20915	84.090546	10457.5	3432	17483	2	84.090546
KIR48JW_36_asm_ctg_m::ctg000013_P_65_21887_0	21822	0	0	0	NA	NA	NA	1	16704	76.54661	16704	16704	16704	1	76.54661
KIR48JW_36_asm_ctg_m::ctg000014_P_183_15530_0	15347	0	0	0	NA	NA	NA	2	2786	18.153385	1393	1294	1492	2	18.153385
KIR48JW_36_asm_ctg_m::ctg000015_P_81_18838_1	18757	0	0	0	NA	NA	NA	6	17693	94.32745	2948.8333	720	5076	6	94.32745
KIR48JW_36_asm_ctg_m::ctg000039_P_431_16886_0	16455	0	0	0	NA	NA	NA	1	9730	59.130962	9730	9730	9730	1	59.130962
KIR48JW_37_asm_ctg_m::ctg000000_P_260_155310_0	155050	6	37490	24.179296	6248.3335	2064	22171	18	83240	53.68591	4624.4443	575	16836	24	77.865204
KIR48JW_37_asm_ctg_m::ctg000001_P_251_136145_0	135894	0	0	0	NA	NA	NA	24	109007	80.21473	4541.9585	398	22194	24	80.21473
KIR48JW_37_asm_ctg_m::ctg000002_P_70_87218_0	87148	0	0	0	NA	NA	NA	17	75395	86.51375	4435	721	11748	17	86.51375
KIR48JW_37_asm_ctg_m::ctg000003_P_128_32172_1	32044	0	0	0	NA	NA	NA	3	22045	68.79603	7348.3335	1946	13972	3	68.79603
KIR48JW_37_asm_ctg_m::ctg000004_P_122_32033_0	31911	0	0	0	NA	NA	NA	3	24740	77.52812	8246.667	3437	17483	3	77.52812
KIR48JW_37_asm_ctg_m::ctg000005_P_12590_17403_0	4813	0	0	0	NA	NA	NA	0	0	0	NA	NA	NA	0	0
KIR48JW_37_asm_ctg_m::ctg000006_P_9661_14466_0	4805	0	0	0	NA	NA	NA	0	0	0	NA	NA	NA	0	0
KIR48JW_37_asm_ctg_m::ctg000019_P_1722_20037_0	18315	0	0	0	NA	NA	NA	2	5786	31.59159	2893	1945	3841	2	31.59159
KIR48JW_38_asm_ctg_m::ctg000000_P_1776_173414_1	171638	12	50826	29.612324	4235.5	1605	7429	15	100623	58.62513	6708.2	575	22165	27	88.23745
KIR48JW_38_asm_ctg_m::ctg000001_P_467_31819_0	31352	0	0	0	NA	NA	NA	5	28995	92.48214	5799	372	17480	5	92.48214
KIR48JW_38_asm_ctg_m::ctg000002_P_1541_32422_1	30881	0	0	0	NA	NA	NA	2	20269	65.635826	10134.5	3034	17235	2	65.635826
KIR48JW_38_asm_ctg_m::ctg000003_P_355_5306_1	4951	0	0	0	NA	NA	NA	0	0	0	NA	NA	NA	0	0
KIR48JW_38_asm_ctg_m::ctg000008_P_278_114487_0	114209	0	0	0	NA	NA	NA	20	89215	78.11556	4460.75	720	16716	20	78.11556
KIR48JW_38_asm_ctg_m::ctg000009_P_281_25870_0	25589	0	0	0	NA	NA	NA	4	12132	47.410995	3033	575	5675	4	47.410995
KIR48JW_39_asm_ctg_m::ctg000000_P_1179_164457_1	163278	2	8312	5.090704	4156	4154	4158	30	144341	88.40199	4811.3667	721	22173	32	93.49269
KIR48JW_39_asm_ctg_m::ctg000001_P_10050_47209_0	37159	0	0	0	NA	NA	NA	5	25056	67.42915	5011.2	1455	9358	5	67.42915
KIR48JW_39_asm_ctg_m::ctg000002_P_110_31957_1	31847	0	0	0	NA	NA	NA	3	24742	77.69021	8247.333	3437	17485	3	77.69021
KIR48JW_39_asm_ctg_m::ctg000003_P_275_31912_1	31637	0	0	0	NA	NA	NA	3	27042	85.47587	9014	3431	17483	3	85.47587
KIR48JW_39_asm_ctg_m::ctg000004_P_328_5143_1	4815	0	0	0	NA	NA	NA	0	0	0	NA	NA	NA	0	0
KIR48JW_39_asm_ctg_m::ctg000016_P_12338_94829_1	82491	0	0	0	NA	NA	NA	16	64665	78.39037	4041.5625	174	17353	16	78.39037
KIR48JW_39_asm_ctg_m::ctg000017_P_8489_13439_0	4950	0	0	0	NA	NA	NA	0	0	0	NA	NA	NA	0	0
KIR48JW_3_asm_ctg_m::ctg000000_P_2423_166384_1	163961	2	4934	3.0092523	2467	2467	2467	23	120594	73.550415	5243.2173	575	16713	25	76.55967
KIR48JW_3_asm_ctg_m::ctg000001_P_1644_48550_1	46906	0	0	0	NA	NA	NA	3	32710	69.735214	10903.333	3034	15701	3	69.735214
KIR48JW_3_asm_ctg_m::ctg000002_P_401_14789_1	14388	0	0	0	NA	NA	NA	1	8109	56.359467	8109	8109	8109	1	56.359467
KIR48JW_3_asm_ctg_m::ctg000003_P_8192_12934_0	4742	0	0	0	NA	NA	NA	0	0	0	NA	NA	NA	0	0
KIR48JW_3_asm_ctg_m::ctg000005_P_242_5046_1	4804	0	0	0	NA	NA	NA	0	0	0	NA	NA	NA	0	0
KIR48JW_3_asm_ctg_m::ctg000012_P_2278_106157_0	103879	0	0	0	NA	NA	NA	16	89402	86.06359	5587.625	598	23664	16	86.06359
KIR48JW_3_asm_ctg_m::ctg000013_P_352_27109_1	26757	0	0	0	NA	NA	NA	2	17179	64.20376	8589.5	3034	14145	2	64.20376
KIR48JW_3_asm_ctg_m::ctg000014_P_143_25139_0	24996	0	0	0	NA	NA	NA	2	14776	59.113457	7388	6867	7909	2	59.113457
KIR48JW_3_asm_ctg_m::ctg000015_P_621_18187_0	17566	0	0	0	NA	NA	NA	1	7285	41.47216	7285	7285	7285	1	41.47216
KIR48JW_3_asm_ctg_m::ctg000035_P_1881_21742_1	19861	0	0	0	NA	NA	NA	3	16213	81.63235	5404.3335	1617	9357	3	81.63235
KIR48JW_40_asm_ctg_m::ctg000000_P_2484_108546_1	106062	0	0	0	NA	NA	NA	17	78592	74.10005	4623.0586	174	18824	17	74.10005
KIR48JW_40_asm_ctg_m::ctg000001_P_1984_58646_1	56662	0	0	0	NA	NA	NA	12	45464	80.2372	3788.6667	1804	6534	12	80.2372
KIR48JW_40_asm_ctg_m::ctg000002_P_596_48113_1	47517	0	0	0	NA	NA	NA	3	37751	79.44736	12583.667	3034	17483	3	79.44736
KIR48JW_40_asm_ctg_m::ctg000003_P_366_5316_1	4950	0	0	0	NA	NA	NA	0	0	0	NA	NA	NA	0	0
KIR48JW_40_asm_ctg_m::ctg000014_P_142_17522_1	17380	0	0	0	NA	NA	NA	3	10782	62.036823	3594	3431	3840	3	62.036823
KIR48JW_41_asm_ctg_m::ctg000000_P_3270_139127_1	135857	0	0	0	NA	NA	NA	27	107913	79.43131	3996.7778	174	17353	27	79.43131
KIR48JW_41_asm_ctg_m::ctg000001_P_496_47018_0	46522	0	0	0	NA	NA	NA	3	37751	81.14655	12583.667	3034	17482	3	81.14655
KIR48JW_41_asm_ctg_m::ctg000002_P_12530_17337_0	4807	0	0	0	NA	NA	NA	0	0	0	NA	NA	NA	0	0
KIR48JW_41_asm_ctg_m::ctg000014_P_161_76372_1	76211	0	0	0	NA	NA	NA	17	62753	82.34113	3691.353	721	8192	17	82.34113
KIR48JW_41_asm_ctg_m::ctg000015_P_165_28482_0	28317	0	0	0	NA	NA	NA	2	12993	45.884098	6496.5	6127	6866	2	45.884098
KIR48JW_41_asm_ctg_m::ctg000016_P_568_5310_1	4742	0	0	0	NA	NA	NA	0	0	0	NA	NA	NA	0	0
KIR48JW_41_asm_ctg_m::ctg000017_P_203_10004_0	9801	0	0	0	NA	NA	NA	1	1101	11.233547	1101	1101	1101	1	11.233547
KIR48JW_42_asm_ctg_m::ctg000000_P_1285_137287_1	136002	0	0	0	NA	NA	NA	23	102210	75.153305	4443.913	1134	22187	23	75.153305
KIR48JW_42_asm_ctg_m::ctg000001_P_282_85514_0	85232	0	0	0	NA	NA	NA	18	68428	80.2844	3801.5557	721	8192	18	80.2844
KIR48JW_42_asm_ctg_m::ctg000002_P_1319_48066_1	46747	0	0	0	NA	NA	NA	3	32742	70.040855	10914	3034	15702	3	70.040855
KIR48JW_42_asm_ctg_m::ctg000003_P_214_4989_1	4775	0	0	0	NA	NA	NA	0	0	0	NA	NA	NA	0	0
KIR48JW_42_asm_ctg_m::ctg000004_P_88_4894_1	4806	0	0	0	NA	NA	NA	0	0	0	NA	NA	NA	0	0
KIR48JW_42_asm_ctg_m::ctg000012_P_370_17805_1	17435	0	0	0	NA	NA	NA	4	10030	57.52796	2507.5	372	5769	4	57.52796
KIR48JW_43_asm_ctg_m::ctg000000_P_195_136151_0	135956	0	0	0	NA	NA	NA	26	108939	80.12813	4189.9614	174	17350	26	80.12813
KIR48JW_43_asm_ctg_m::ctg000001_P_454_32307_0	31853	0	0	0	NA	NA	NA	3	27040	84.88996	9013.333	3431	17482	3	84.88996
KIR48JW_43_asm_ctg_m::ctg000002_P_133_31968_1	31835	0	0	0	NA	NA	NA	3	24734	77.69436	8244.667	3436	17479	3	77.69436
KIR48JW_43_asm_ctg_m::ctg000003_P_1025_50491_1	49466	0	0	0	NA	NA	NA	10	32177	65.04872	3217.7	1567	6533	10	65.04872
KIR48JW_43_asm_ctg_m::ctg000004_P_9284_14234_0	4950	0	0	0	NA	NA	NA	0	0	0	NA	NA	NA	0	0
KIR48JW_43_asm_ctg_m::ctg000005_P_225_4868_1	4643	0	0	0	NA	NA	NA	0	0	0	NA	NA	NA	0	0
KIR48JW_43_asm_ctg_m::ctg000021_P_2470_100649_1	98179	0	0	0	NA	NA	NA	16	83096	84.637245	5193.5	1134	22189	16	84.637245
KIR48JW_44_asm_ctg_m::ctg000000_P_1824_137499_1	135675	0	0	0	NA	NA	NA	24	115047	84.79602	4793.625	736	16715	24	84.79602
KIR48JW_44_asm_ctg_m::ctg000001_P_211_106272_0	106061	0	0	0	NA	NA	NA	17	75484	71.170364	4440.2354	174	18826	17	71.170364
KIR48JW_44_asm_ctg_m::ctg000002_P_450_48388_1	47938	0	0	0	NA	NA	NA	3	32743	68.30281	10914.333	3034	15702	3	68.30281
KIR48JW_44_asm_ctg_m::ctg000003_P_131_31983_1	31852	0	0	0	NA	NA	NA	3	27040	84.89263	9013.333	3430	17483	3	84.89263
KIR48JW_44_asm_ctg_m::ctg000004_P_318_5268_1	4950	0	0	0	NA	NA	NA	0	0	0	NA	NA	NA	0	0
KIR48JW_44_asm_ctg_m::ctg000005_P_8153_12822_0	4669	0	0	0	NA	NA	NA	0	0	0	NA	NA	NA	0	0
KIR48JW_44_asm_ctg_m::ctg000009_P_320_19220_1	18900	0	0	0	NA	NA	NA	1	13527	71.57143	13527	13527	13527	1	71.57143
KIR48JW_45_asm_ctg_m::ctg000000_P_1420_137097_1	135677	0	0	0	NA	NA	NA	24	115049	84.79624	4793.7085	736	16716	24	84.79624
KIR48JW_45_asm_ctg_m::ctg000001_P_1127_86351_1	85224	0	0	0	NA	NA	NA	18	74050	86.88867	4113.8887	721	9351	18	86.88867
KIR48JW_45_asm_ctg_m::ctg000002_P_409_46933_0	46524	0	0	0	NA	NA	NA	3	36218	77.84799	12072.667	3034	17483	3	77.84799
KIR48JW_45_asm_ctg_m::ctg000003_P_123_32015_1	31892	0	0	0	NA	NA	NA	2	20133	63.128685	10066.5	6127	14006	2	63.128685
KIR48JW_45_asm_ctg_m::ctg000004_P_7571_12346_0	4775	0	0	0	NA	NA	NA	0	0	0	NA	NA	NA	0	0
KIR48JW_45_asm_ctg_m::ctg000005_P_222_5171_1	4949	0	0	0	NA	NA	NA	0	0	0	NA	NA	NA	0	0
KIR48JW_45_asm_ctg_m::ctg000018_P_88_15246_1	15158	0	0	0	NA	NA	NA	2	5935	39.154243	2967.5	1349	4586	2	39.154243
KIR48JW_45_asm_ctg_m::ctg000019_P_284_14260_1	13976	0	0	0	NA	NA	NA	2	7447	53.284203	3723.5	1444	6003	2	53.284203
KIR48JW_46_asm_ctg_m::ctg000000_P_1517_193061_1	191544	14	57537	30.038528	4109.7856	575	16837	19	103322	53.941654	5438	721	22166	33	83.98018
KIR48JW_46_asm_ctg_m::ctg000001_P_419_46940_0	46521	0	0	0	NA	NA	NA	3	37750	81.14615	12583.333	3034	17481	3	81.14615
KIR48JW_46_asm_ctg_m::ctg000002_P_13460_18410_0	4950	0	0	0	NA	NA	NA	0	0	0	NA	NA	NA	0	0
KIR48JW_46_asm_ctg_m::ctg000014_P_277_43018_0	42741	0	0	0	NA	NA	NA	3	32742	76.6056	10914	3034	15703	3	76.6056
KIR48JW_46_asm_ctg_m::ctg000015_P_86_27470_1	27384	0	0	0	NA	NA	NA	2	20654	75.42361	10327	2467	18187	2	75.42361
KIR48JW_46_asm_ctg_m::ctg000016_P_265_30899_0	30634	0	0	0	NA	NA	NA	5	26684	87.10583	5336.8	3635	8192	5	87.10583
KIR48JW_46_asm_ctg_m::ctg000017_P_6584_11534_0	4950	0	0	0	NA	NA	NA	0	0	0	NA	NA	NA	0	0
KIR48JW_46_asm_ctg_m::ctg000018_P_185_17542_1	17357	0	0	0	NA	NA	NA	1	6494	37.4143	6494	6494	6494	1	37.4143
KIR48JW_46_asm_ctg_m::ctg000019_P_155_22884_0	22729	0	0	0	NA	NA	NA	5	16010	70.438644	3202	721	5985	5	70.438644
KIR48JW_46_asm_ctg_m::ctg000033_P_234_23729_1	23495	0	0	0	NA	NA	NA	2	12862	54.74356	6431	3034	9828	2	54.74356
KIR48JW_47_asm_ctg_m::ctg000000_P_217_136066_0	135849	0	0	0	NA	NA	NA	26	108938	80.190506	4189.923	174	17350	26	80.190506
KIR48JW_47_asm_ctg_m::ctg000001_P_379_32216_0	31837	0	0	0	NA	NA	NA	3	27022	84.87609	9007.333	3436	17478	3	84.87609
KIR48JW_47_asm_ctg_m::ctg000002_P_130_32368_0	32238	0	0	0	NA	NA	NA	3	22047	68.38824	7349	1946	13974	3	68.38824
KIR48JW_47_asm_ctg_m::ctg000003_P_11212_15856_0	4644	0	0	0	NA	NA	NA	0	0	0	NA	NA	NA	0	0
KIR48JW_47_asm_ctg_m::ctg000004_P_7805_12609_0	4804	0	0	0	NA	NA	NA	0	0	0	NA	NA	NA	0	0
KIR48JW_47_asm_ctg_m::ctg000018_P_2229_138123_1	135894	0	0	0	NA	NA	NA	24	109007	80.21473	4541.9585	398	22193	24	80.21473
KIR48JW_48_asm_ctg_m::ctg000000_P_2184_108242_1	106058	0	0	0	NA	NA	NA	17	80009	75.43891	4706.4116	174	18823	17	75.43891
KIR48JW_48_asm_ctg_m::ctg000001_P_461_48229_1	47768	0	0	0	NA	NA	NA	3	37750	79.0278	12583.333	3034	17481	3	79.0278
KIR48JW_48_asm_ctg_m::ctg000002_P_12272_17223_0	4951	0	0	0	NA	NA	NA	0	0	0	NA	NA	NA	0	0
KIR48JW_48_asm_ctg_m::ctg000016_P_1669_102602_1	100933	0	0	0	NA	NA	NA	15	83826	83.05113	5588.4	598	23665	15	83.05113
KIR48JW_48_asm_ctg_m::ctg000017_P_1860_27459_1	25599	0	0	0	NA	NA	NA	1	17480	68.28392	17480	17480	17480	1	68.28392
KIR48JW_48_asm_ctg_m::ctg000018_P_9413_14056_0	4643	0	0	0	NA	NA	NA	0	0	0	NA	NA	NA	0	0
KIR48JW_48_asm_ctg_m::ctg000019_P_92_21379_1	21287	0	0	0	NA	NA	NA	2	12863	60.42655	6431.5	3034	9829	2	60.42655
KIR48JW_48_asm_ctg_m::ctg000028_P_107_26885_0	26778	0	0	0	NA	NA	NA	3	22267	83.15408	7422.3335	2940	12834	3	83.15408
KIR48JW_4_asm_ctg_m::ctg000000_P_240_135864_0	135624	0	0	0	NA	NA	NA	26	112175	82.71029	4314.423	971	22167	26	82.71029
KIR48JW_4_asm_ctg_m::ctg000001_P_166_66418_0	66252	0	0	0	NA	NA	NA	12	53836	81.25943	4486.3335	598	9356	12	81.25943
KIR48JW_4_asm_ctg_m::ctg000002_P_143_32185_1	32042	0	0	0	NA	NA	NA	3	27043	84.398605	9014.333	3431	17484	3	84.398605
KIR48JW_4_asm_ctg_m::ctg000003_P_232_5189_1	4957	0	0	0	NA	NA	NA	0	0	0	NA	NA	NA	0	0
KIR48JW_4_asm_ctg_m::ctg000004_P_58_19388_1	19330	0	0	0	NA	NA	NA	1	14017	72.51423	14017	14017	14017	1	72.51423
KIR48JW_4_asm_ctg_m::ctg000011_P_150_40593_0	40443	0	0	0	NA	NA	NA	5	34690	85.77504	6938	598	22191	5	85.77504
KIR48JW_4_asm_ctg_m::ctg000012_P_11189_16139_0	4950	0	0	0	NA	NA	NA	0	0	0	NA	NA	NA	0	0
KIR48JW_4_asm_ctg_m::ctg000013_P_148_26968_1	26820	0	0	0	NA	NA	NA	8	22751	84.82848	2843.875	1568	4158	8	84.82848
KIR48JW_4_asm_ctg_m::ctg000014_P_101_20707_1	20606	0	0	0	NA	NA	NA	2	9739	47.26293	4869.5	3843	5896	2	47.26293
KIR48JW_5_asm_ctg_m::ctg000000_P_294_191835_0	191541	14	57537	30.039	4109.7856	575	16838	19	107846	56.304394	5676.1055	721	22168	33	86.34339
KIR48JW_5_asm_ctg_m::ctg000001_P_193_135979_0	135786	0	0	0	NA	NA	NA	24	115052	84.730385	4793.8335	736	16717	24	84.730385
KIR48JW_5_asm_ctg_m::ctg000002_P_374_46899_0	46525	0	0	0	NA	NA	NA	3	37753	81.14562	12584.333	3034	17484	3	81.14562
KIR48JW_5_asm_ctg_m::ctg000003_P_386_5337_1	4951	0	0	0	NA	NA	NA	0	0	0	NA	NA	NA	0	0
KIR48JW_5_asm_ctg_m::ctg000010_P_134_22655_1	22521	0	0	0	NA	NA	NA	3	18932	84.06377	6310.6665	3431	9375	3	84.06377
KIR48JW_5_asm_ctg_m::ctg000011_P_244_17869_0	17625	0	0	0	NA	NA	NA	1	12176	69.08369	12176	12176	12176	1	69.08369
KIR48JW_6_asm_ctg_m::ctg000000_P_1929_137934_1	136005	0	0	0	NA	NA	NA	27	117435	86.34609	4349.4443	598	22191	27	86.34609
KIR48JW_6_asm_ctg_m::ctg000001_P_145_31977_1	31832	0	0	0	NA	NA	NA	3	24728	77.68284	8242.667	3432	17477	3	77.68284
KIR48JW_6_asm_ctg_m::ctg000002_P_412_5100_1	4688	0	0	0	NA	NA	NA	0	0	0	NA	NA	NA	0	0
KIR48JW_6_asm_ctg_m::ctg000003_P_11383_16333_0	4950	0	0	0	NA	NA	NA	0	0	0	NA	NA	NA	0	0
KIR48JW_6_asm_ctg_m::ctg000015_P_1789_133570_1	131781	0	0	0	NA	NA	NA	23	108832	82.5855	4731.826	398	22194	23	82.5855
KIR48JW_6_asm_ctg_m::ctg000016_P_140_20586_0	20446	0	0	0	NA	NA	NA	2	12809	62.64795	6404.5	3437	9372	2	62.64795
KIR48JW_6_asm_ctg_m::ctg000026_P_479_11119_0	10640	0	0	0	NA	NA	NA	1	5237	49.219925	5237	5237	5237	1	49.219925
KIR48JW_7_asm_ctg_m::ctg000000_P_1684_165811_1	164127	2	4934	3.0062087	2467	2467	2467	24	108976	66.39736	4540.6665	174	17346	26	69.40357
KIR48JW_7_asm_ctg_m::ctg000001_P_668_48377_1	47709	0	0	0	NA	NA	NA	3	32711	68.56358	10903.667	3034	15703	3	68.56358
KIR48JW_7_asm_ctg_m::ctg000002_P_11033_15840_0	4807	0	0	0	NA	NA	NA	0	0	0	NA	NA	NA	0	0
KIR48JW_7_asm_ctg_m::ctg000013_P_276_106379_0	106103	0	0	0	NA	NA	NA	16	89401	84.25869	5587.5625	598	23665	16	84.25869
KIR48JW_7_asm_ctg_m::ctg000014_P_524_22211_1	21687	0	0	0	NA	NA	NA	1	13967	64.40264	13967	13967	13967	1	64.40264
KIR48JW_7_asm_ctg_m::ctg000015_P_1490_27001_1	25511	0	0	0	NA	NA	NA	2	17179	67.33958	8589.5	3034	14145	2	67.33958
KIR48JW_7_asm_ctg_m::ctg000016_P_345_5114_1	4769	0	0	0	NA	NA	NA	0	0	0	NA	NA	NA	0	0
KIR48JW_7_asm_ctg_m::ctg000017_P_69_20717_0	20648	0	0	0	NA	NA	NA	1	9383	45.442657	9383	9383	9383	1	45.442657
KIR48JW_7_asm_ctg_m::ctg000018_P_7733_22038_0	14305	0	0	0	NA	NA	NA	1	3812	26.648026	3812	3812	3812	1	26.648026
KIR48JW_8_asm_ctg_m::ctg000000_P_297_164250_0	163953	2	4934	3.009399	2467	2467	2467	22	116161	70.85018	5280.0454	575	16713	24	73.85958
KIR48JW_8_asm_ctg_m::ctg000001_P_1641_48164_1	46523	0	0	0	NA	NA	NA	3	37751	81.14481	12583.667	3034	17483	3	81.14481
KIR48JW_8_asm_ctg_m::ctg000002_P_7317_12273_0	4956	0	0	0	NA	NA	NA	0	0	0	NA	NA	NA	0	0
KIR48JW_8_asm_ctg_m::ctg000003_P_429_5036_1	4607	0	0	0	NA	NA	NA	0	0	0	NA	NA	NA	0	0
KIR48JW_8_asm_ctg_m::ctg000011_P_1249_86491_1	85242	0	0	0	NA	NA	NA	18	69539	81.57833	3863.2778	721	8192	18	81.57833
KIR48JW_8_asm_ctg_m::ctg000012_P_162_34125_1	33963	0	0	0	NA	NA	NA	3	28023	82.510376	9341	3034	17236	3	82.510376
KIR48JW_8_asm_ctg_m::ctg000013_P_710_10581_0	9871	0	0	0	NA	NA	NA	0	0	0	NA	NA	NA	0	0
KIR48JW_8_asm_ctg_m::ctg000014_P_66_17718_1	17652	0	0	0	NA	NA	NA	3	9365	53.05348	3121.6667	1350	4585	3	53.05348
KIR48JW_9_asm_ctg_m::ctg000000_P_2465_138451_1	135986	0	0	0	NA	NA	NA	27	114987	84.55797	4258.778	720	22188	27	84.55797
KIR48JW_9_asm_ctg_m::ctg000001_P_122_33239_1	33117	2	9946	30.032913	4973	3820	6126	0	0	0	NA	NA	NA	2	30.032913
KIR48JW_9_asm_ctg_m::ctg000002_P_261_5211_1	4950	0	0	0	NA	NA	NA	0	0	0	NA	NA	NA	0	0
KIR48JW_9_asm_ctg_m::ctg000003_P_219_5025_1	4806	0	0	0	NA	NA	NA	0	0	0	NA	NA	NA	0	0
KIR48JW_9_asm_ctg_m::ctg000012_P_178_113913_1	113735	0	0	0	NA	NA	NA	20	94529	83.11338	4726.45	736	16717	20	83.11338
KIR48JW_9_asm_ctg_m::ctg000013_P_71_26915_0	26844	0	0	0	NA	NA	NA	1	14006	52.175533	14006	14006	14006	1	52.175533
NA18906.maternal.f1_assembly_v2_genbank::NA18906#2#JAHEON010000004.1_836385_1009954_1	173569	0	0	0	NA	NA	NA	29	155342	89.4987	5356.6206	720	22192	29	89.4987
NA18906.paternal.f1_assembly_v2_genbank::NA18906#1#JAHEOO010000120.1_530417_703413_0	172996	0	0	0	NA	NA	NA	30	138611	80.12382	4620.3667	398	22194	30	80.12382
NA19240.maternal.f1_assembly_v2_genbank::NA19240#2#JAHEOL010000113.1_834677_974018_1	139341	0	0	0	NA	NA	NA	25	100457	72.09436	4018.28	720	17564	25	72.09436
NA19240.paternal.f1_assembly_v2_genbank::NA19240#1#JAHEOM010000197.1_297338_481283_0	183945	2	3820	2.0767076	1910	1910	1910	24	124839	67.86757	5201.625	720	22171	26	69.944275
NA20129.maternal.f1_assembly_v2_genbank::NA20129#2#JAHEPD010000086.1_577749_765746_0	187997	0	0	0	NA	NA	NA	26	157654	83.85985	6063.615	602	23645	26	83.85985
NA20129.paternal.f1_assembly_v2_genbank::NA20129#1#JAHEPE010000012.1_828359_1001784_1	173425	0	0	0	NA	NA	NA	25	132295	76.2837	5291.8	720	17554	25	76.2837
NA21309.maternal.f1_assembly_v2_genbank::NA21309#2#JAHEPB010000212.1_829462_1003197_1	173735	0	0	0	NA	NA	NA	25	132466	76.24601	5298.64	720	17554	25	76.24601
NA21309.paternal.f1_assembly_v2_genbank::NA21309#1#JAHEPC010000306.1_831156_1034050_1	202894	2	4934	2.4318116	2467	2467	2467	26	140937	69.46336	5420.654	398	23625	28	71.89518
cA01~tA01_GU182338.1/1155286	155286	0	0	0	NA	NA	NA	26	136318	87.78512	5243	1138	22195	26	87.78512
cA01~tA01_GU182340.1/1145006	145006	0	0	0	NA	NA	NA	30	129279	89.15424	4309.3	720	22190	30	89.15424
cA01~tA01_GU182342.1/1144777	144777	0	0	0	NA	NA	NA	24	106904	73.84046	4454.3335	598	22193	24	73.84046
cA01~tA01_GU182344.1/1144839	144839	0	0	0	NA	NA	NA	29	127526	88.04673	4397.448	720	22193	29	88.04673
cA01~tA01_GU182346.1/1147359	147359	0	0	0	NA	NA	NA	25	118422	80.36292	4736.88	736	16718	25	80.36292
cA01~tA01_GU182348.1/1144414	144414	0	0	0	NA	NA	NA	27	116756	80.848114	4324.2964	398	22196	27	80.848114
cA01~tA01_GU182350.1/1151765	151765	0	0	0	NA	NA	NA	29	135282	89.13913	4664.8965	598	22193	29	89.13913
cA01~tA01_GU182354.1/1145054	145054	0	0	0	NA	NA	NA	28	126378	87.124794	4513.5	598	22193	28	87.124794
cA01~tA01_GU182356.1/1151486	151486	0	0	0	NA	NA	NA	27	134147	88.554054	4968.407	720	22194	27	88.554054
cA01~tA01_GU182358.1/1155974	155974	0	0	0	NA	NA	NA	29	145852	93.51046	5029.3794	598	22193	29	93.51046
cA01~tA01_GU182360.1/1131510	131510	2	7333	5.5760016	3666.5	3659	3674	23	109283	83.098625	4751.4346	598	22192	25	88.67463
cA01~tA01_KP420438.1/1142037	142037	0	0	0	NA	NA	NA	25	116411	81.95822	4656.44	398	22197	25	81.95822
cA01~tA01_KP420439.1/1143100	143100	0	0	0	NA	NA	NA	25	124136	86.74773	4965.44	720	16719	25	86.74773
cA01~tA01_KP420442.1/1141674	141674	0	0	0	NA	NA	NA	26	124368	87.78463	4783.385	598	22193	26	87.78463
cA01~tA01_KP420445.1/1133780	133780	0	0	0	NA	NA	NA	24	100422	75.06503	4184.25	174	22196	24	75.06503
cA01~tA01_KP420446.1/1142664	142664	0	0	0	NA	NA	NA	28	129596	90.84002	4628.4287	598	22126	28	90.84002
cA01~tA01_KU645195.1/1146570	146570	0	0	0	NA	NA	NA	26	116453	79.45214	4478.9614	398	22195	26	79.45214
cA01~tA01_KU842452.1/1143084	143084	0	0	0	NA	NA	NA	24	102907	71.92069	4287.7915	174	17355	24	71.92069
cA01~tA01_MN167505/1174318	174318	0	0	0	NA	NA	NA	29	149038	85.49777	5139.241	598	22193	29	85.49777
cA01~tA01_MN167511/1155768	155768	0	0	0	NA	NA	NA	25	129897	83.39133	5195.88	736	17484	25	83.39133
cA01~tA01_MN167512/1144771	144771	0	0	0	NA	NA	NA	28	125300	86.55048	4475	598	22192	28	86.55048
cA01~tA01_MN167513/1147345	147345	0	0	0	NA	NA	NA	27	108173	73.41477	4006.4075	174	17339	27	73.41477
cA01~tA01_MN167514/1149067	149067	0	0	0	NA	NA	NA	25	112529	75.48888	4501.16	720	22198	25	75.48888
cA01~tA01_MN167522/1148652	148652	0	0	0	NA	NA	NA	28	127300	85.63625	4546.4287	398	22192	28	85.63625
cA01~tA01_MN167523/1137804	137804	0	0	0	NA	NA	NA	27	109696	79.60291	4062.8147	398	22196	27	79.60291
cA01~tA01_MN167524/1149229	149229	0	0	0	NA	NA	NA	30	121845	81.64968	4061.5	375	22193	30	81.64968
cA01~tA01_NC000019.10/1148971	148971	0	0	0	NA	NA	NA	29	114627	76.94585	3952.6553	174	17352	29	76.94585
cA01~tA02_MN167507/1110582	110582	0	0	0	NA	NA	NA	22	78093	70.619995	3549.682	174	16716	22	70.619995
cA01~tA02_MN167509/1107421	107421	2	1440	1.34052	720	720	720	16	65660	61.12399	4103.75	174	16718	18	62.464508
cA01~tA02_MN167516/1102168	102168	0	0	0	NA	NA	NA	19	80310	78.60583	4226.8423	174	16724	19	78.60583
cA01~tA02_MN167530/1110582	110582	0	0	0	NA	NA	NA	22	78093	70.619995	3549.682	174	16716	22	70.619995
cA01~tB01_GU182352.1/1201488	201488	2	8315	4.1267967	4157.5	4154	4161	30	163541	81.16662	5451.3667	575	22172	32	85.29342
cA01~tB01_KU645197.1/1163604	163604	2	8315	5.082394	4157.5	4154	4161	31	144407	88.26618	4658.2905	720	22180	33	93.34857
cA01~tB01_MN167504/1171149	171149	2	8315	4.85834	4157.5	4154	4161	29	138165	80.727905	4764.3105	720	22171	31	85.58624
cA01~tB01_MN167518/1178642	178642	2	8311	4.6523213	4155.5	4154	4157	32	156538	87.62665	4891.8125	720	22170	34	92.27897
cA01~tB01_NA24385/1199250	199250	2	8315	4.173149	4157.5	4154	4161	34	168423	84.52848	4953.6177	602	22171	36	88.70163
cA02~tA03_KU645198.1/181968	81968	0	0	0	NA	NA	NA	19	62629	76.40665	3296.2632	372	10382	19	76.40665
cA03~tB02_KP420443.1/176549	76549	0	0	0	NA	NA	NA	17	70410	91.9803	4141.7646	847	10895	17	91.9803
cB01~tA01_GU182345.1/1203312	203312	4	11001	5.4108953	2750.25	2467	3034	29	151574	74.552414	5226.6895	398	22196	33	79.96331
cB01~tA01_GU182351.1/1180754	180754	2	4934	2.7296767	2467	2467	2467	27	130567	72.23464	4835.815	575	22163	29	74.96432
cB01~tA01_GU182357.1/1188735	188735	2	4934	2.6142476	2467	2467	2467	23	114955	60.908154	4998.0435	398	22196	25	63.5224
cB01~tA01_MN167510/1199689	199689	4	11001	5.5090666	2750.25	2467	3034	29	145260	72.74312	5008.9653	398	22194	33	78.25218
cB01~tA01_MN167517/1188767	188767	2	4934	2.6138043	2467	2467	2467	26	137207	72.685905	5277.1924	575	17235	28	75.299706
cB01~tA01_MN167520/1193395	193395	2	4934	2.5512552	2467	2467	2467	29	148446	76.75793	5118.8276	575	22193	31	79.30919
cB01~tA01_MN167526/1218200	218200	4	11001	5.0417047	2750.25	2467	3034	30	165286	75.74977	5509.533	398	22192	34	80.79147
cB01~tB01_GU182339.1/1239295	239295	18	80250	33.53601	4458.3335	575	16837	16	100298	41.913956	6268.625	864	22168	34	75.44997
cB01~tB01_GU182347.1/1223161	223161	18	80250	35.960583	4458.3335	575	16837	17	103911	46.563244	6112.4116	864	22167	35	82.52383
cB01~tB01_KP420440.1/1217491	217491	18	80250	36.89808	4458.3335	575	16837	15	95713	44.007797	6380.8667	864	22168	33	80.905876
cB01~tB01_MN167515/1232508	232508	14	68582	29.49662	4898.7144	575	16838	19	123916	53.295372	6521.8945	864	22168	33	82.79199
cB01~tB01_MN167519/1236704	236704	18	65358	27.6117	3631	1177	16838	23	140864	59.510612	6124.522	721	22167	41	87.122314
cB01~tB01_MN167525/1236345	236345	14	48064	20.336372	3433.1428	1177	16837	27	142860	60.445534	5291.1113	864	22172	41	80.781906
cB02~tA01_GU182341.1/1152848	152848	0	0	0	NA	NA	NA	20	114071	74.63035	5703.55	174	21313	20	74.63035
cB02~tA01_GU182349.1/1149638	149638	0	0	0	NA	NA	NA	21	113799	76.04953	5419	864	23640	21	76.04953
cB02~tA01_GU182353.1/1155422	155422	0	0	0	NA	NA	NA	17	120515	77.540504	7089.1177	598	23666	17	77.540504
cB02~tA01_KP420444.1/1123747	123747	0	0	0	NA	NA	NA	17	87961	71.08132	5174.1763	174	18825	17	71.08132
cB02~tA01_MN167508/1154810	154810	2	1729	1.1168529	864.5	864	865	17	109928	71.00833	6466.353	1510	17484	19	72.12518
cB02~tA01_MN167528/1127281	127281	0	0	0	NA	NA	NA	17	98365	77.28176	5786.1763	736	17235	17	77.28176
cB02~tB01_GU182355.1/1160947	160947	0	0	0	NA	NA	NA	24	137409	85.37531	5725.375	721	23645	24	85.37531
cB02~tB01_GU182359.1/1164419	164419	0	0	0	NA	NA	NA	22	134081	81.54836	6094.591	575	23664	22	81.54836
cB02~tB01_MN167506/1150155	150155	0	0	0	NA	NA	NA	22	126999	84.578606	5772.6816	721	23645	22	84.578606
cB03~tA01_GU182343.1/1171844	171844	0	0	0	NA	NA	NA	23	127206	74.02412	5530.696	721	18730	23	74.02412
cB03~tA01_MN167521/1201909	201909	2	4934	2.443675	2467	2467	2467	28	133671	66.20359	4773.9644	721	23865	30	68.64726
cB03~tA01_MN167527/1169867	169867	2	4934	2.9046254	2467	2467	2467	28	126464	74.44884	4516.5713	398	22192	30	77.35346
cB03~tA01_MN167529/1201909	201909	2	4934	2.443675	2467	2467	2467	28	133671	66.20359	4773.9644	721	23865	30	68.64726
cB04~tB03_KP420441.1/1106087	106087	0	0	0	NA	NA	NA	21	87683	82.65198	4175.381	721	17240	21	82.65198
cB05~tB01_NA24385/1199065	199065	6	27386	13.757316	4564.3335	3633	7284	23	134437	67.534225	5845.087	602	22167	29	81.291534
cB06~tA01_KP420437.1/1152007	152007	0	0	0	NA	NA	NA	18	112330	73.89791	6240.5557	1455	22191	18	73.89791
chm13_tagged::chr19_chm13_57800045_57975347_0	175302	2	4934	2.8145714	2467	2467	2467	24	139384	79.51079	5807.6665	598	22193	26	82.325356
hg19_tagged::chr19_gl000209_random_hg19_1140_158998_0	157858	2	10884	6.894804	5442	3091	7793	23	116741	73.95317	5075.696	721	23645	25	80.84798
hg19_tagged::chr19_hg19_55218923_55392486_0	173563	0	0	0	NA	NA	NA	31	146037	84.14063	4710.871	174	21030	31	84.14063
hg38_tagged::chr19_GL000209v2_alt_hg38_227_168990_1	168763	0	0	0	NA	NA	NA	23	144014	85.33505	6261.478	721	23645	23	85.33505
hg38_tagged::chr19_GL949751v2_alt_hg38_708547_789466_0	80919	0	0	0	NA	NA	NA	17	71491	88.34885	4205.353	847	10892	17	88.34885
hg38_tagged::chr19_GL949752v1_alt_hg38_611900_785403_0	173503	0	0	0	NA	NA	NA	30	153997	88.757545	5133.2334	598	22193	30	88.757545
hg38_tagged::chr19_KI270882v1_alt_hg38_732_240416_1	239684	18	80250	33.481583	4458.3335	575	16837	17	117461	49.006607	6909.4707	864	22167	35	82.48819
hg38_tagged::chr19_KI270883v1_alt_hg38_337_162008_1	161671	0	0	0	NA	NA	NA	27	134548	83.223335	4983.2593	398	22196	27	83.223335
hg38_tagged::chr19_KI270884v1_alt_hg38_1638_148662_1	147024	0	0	0	NA	NA	NA	20	111851	76.0767	5592.55	864	23640	20	76.0767
hg38_tagged::chr19_KI270885v1_alt_hg38_912_162636_1	161724	0	0	0	NA	NA	NA	28	142784	88.28869	5099.4287	598	22193	28	88.28869
hg38_tagged::chr19_KI270886v1_alt_hg38_219_195848_1	195629	2	4934	2.522121	2467	2467	2467	27	142502	72.84299	5277.852	575	22163	29	75.365105
hg38_tagged::chr19_KI270887v1_alt_hg38_217_200798_1	200581	2	8315	4.1454573	4157.5	4154	4161	30	163541	81.533646	5451.3667	575	22172	32	85.6791
hg38_tagged::chr19_KI270888v1_alt_hg38_476_146827_1	146351	0	0	0	NA	NA	NA	17	120515	82.34655	7089.1177	598	23666	17	82.34655
hg38_tagged::chr19_KI270889v1_alt_hg38_603_162307_1	161704	0	0	0	NA	NA	NA	28	139928	86.53342	4997.4287	598	22193	28	86.53342
hg38_tagged::chr19_KI270890v1_alt_hg38_592_176108_1	175516	0	0	0	NA	NA	NA	24	149358	85.09651	6223.25	721	23645	24	85.09651
hg38_tagged::chr19_KI270891v1_alt_hg38_603_162289_1	161686	0	0	0	NA	NA	NA	27	144744	89.52167	5360.8887	720	22194	27	89.52167
hg38_tagged::chr19_KI270914v1_alt_hg38_300_196803_1	196503	2	4934	2.5109031	2467	2467	2467	23	118778	60.445896	5164.2607	398	22196	25	62.9568
hg38_tagged::chr19_KI270915v1_alt_hg38_603_162274_1	161671	0	0	0	NA	NA	NA	29	149676	92.58061	5161.241	598	22193	29	92.58061
hg38_tagged::chr19_KI270916v1_alt_hg38_344_176125_1	175781	0	0	0	NA	NA	NA	22	146016	83.067	6637.091	575	23664	22	83.067
hg38_tagged::chr19_KI270917v1_alt_hg38_236_159977_0	159741	2	7333	4.590556	3666.5	3659	3674	27	134346	84.102394	4975.778	598	22192	29	88.69295
hg38_tagged::chr19_KI270919v1_alt_hg38_604_162310_1	161706	0	0	0	NA	NA	NA	28	123150	76.15673	4398.2144	174	17831	28	76.15673
hg38_tagged::chr19_KI270920v1_alt_hg38_1058_167050_0	165992	0	0	0	NA	NA	NA	28	147488	88.85248	5267.4287	1138	22195	28	88.85248
hg38_tagged::chr19_KI270921v1_alt_hg38_5980_251269_0	245289	18	80250	32.71651	4458.3335	575	16837	18	114900	46.842705	6383.3335	864	22168	36	79.55921
hg38_tagged::chr19_KI270922v1_alt_hg38_1648_156980_0	155332	0	0	0	NA	NA	NA	32	139639	89.897125	4363.7188	720	22190	32	89.897125
hg38_tagged::chr19_KI270923v1_alt_hg38_579_158397_0	157818	0	0	0	NA	NA	NA	21	123432	78.21161	5877.7144	174	21313	21	78.21161
hg38_tagged::chr19_KI270929v1_alt_hg38_3110_155248_0	152138	0	0	0	NA	NA	NA	26	120167	78.98553	4621.8076	598	22193	26	78.98553
hg38_tagged::chr19_KI270930v1_alt_hg38_603_192382_1	191779	0	0	0	NA	NA	NA	23	145037	75.62715	6305.9565	721	21342	23	75.62715
hg38_tagged::chr19_KI270931v1_alt_hg38_960_161757_1	160797	0	0	0	NA	NA	NA	28	137646	85.60234	4915.9287	720	22193	28	85.60234
hg38_tagged::chr19_KI270932v1_alt_hg38_148_207341_1	207193	4	11001	5.309542	2750.25	2467	3034	28	151969	73.34659	5427.4644	398	22196	32	78.656136
hg38_tagged::chr19_KI270933v1_alt_hg38_603_162146_1	161543	0	0	0	NA	NA	NA	25	130357	80.69492	5214.28	736	17831	25	80.69492
hg38_tagged::chr19_KI270938v1_alt_hg38_690037_863600_0	173563	0	0	0	NA	NA	NA	31	146037	84.14063	4710.871	174	21030	31	84.14063
hg38_tagged::chr19_hg38_54706823_54881030_0	174207	0	0	0	NA	NA	NA	30	137732	79.06226	4591.067	174	17831	30	79.06226
kir48JW_18_asm_ctg_m::ctg000000_P_204_136081_0	135877	0	0	0	NA	NA	NA	27	119450	87.91039	4424.074	1134	22189	27	87.91039
kir48JW_18_asm_ctg_m::ctg000001_P_496_32354_0	31858	0	0	0	NA	NA	NA	3	27044	84.8892	9014.667	3432	17484	3	84.8892
kir48JW_18_asm_ctg_m::ctg000002_P_408_5149_1	4741	0	0	0	NA	NA	NA	0	0	0	NA	NA	NA	0	0
kir48JW_18_asm_ctg_m::ctg000010_P_150_99103_0	98953	0	0	0	NA	NA	NA	14	75111	75.90573	5365.0713	398	22194	14	75.90573
kir48JW_18_asm_ctg_m::ctg000011_P_264_36357_0	36093	0	0	0	NA	NA	NA	7	25742	71.32131	3677.4285	1567	6533	7	71.32131
kir48JW_18_asm_ctg_m::ctg000012_P_569_21145_0	20576	0	0	0	NA	NA	NA	2	18517	89.993195	9258.5	3431	15086	2	89.993195
kir48JW_18_asm_ctg_m::ctg000013_P_124_14390_1	14266	0	0	0	NA	NA	NA	2	8838	61.951492	4419	3667	5171	2	61.951492
kir48JW_19_asm_ctg_m::ctg000000_P_1259_164539_1	163280	2	8312	5.090642	4156	4154	4158	27	134382	82.30157	4977.1113	721	22173	29	87.39221
kir48JW_19_asm_ctg_m::ctg000001_P_218_136123_0	135905	0	0	0	NA	NA	NA	26	123473	90.85243	4748.9614	598	22191	26	90.85243
kir48JW_19_asm_ctg_m::ctg000002_P_122_31964_1	31842	0	0	0	NA	NA	NA	3	24737	77.68671	8245.667	3437	17480	3	77.68671
kir48JW_19_asm_ctg_m::ctg000003_P_446_32303_0	31857	0	0	0	NA	NA	NA	3	27043	84.888725	9014.333	3431	17484	3	84.888725
kir48JW_19_asm_ctg_m::ctg000004_P_8224_12869_0	4645	0	0	0	NA	NA	NA	0	0	0	NA	NA	NA	0	0
kir48JW_19_asm_ctg_m::ctg000011_P_292_5242_1	4950	0	0	0	NA	NA	NA	0	0	0	NA	NA	NA	0	0
kir48JW_19_asm_ctg_m::ctg000012_P_168_19264_0	19096	0	0	0	NA	NA	NA	4	16789	87.91894	4197.25	3635	5233	4	87.91894
kir48JW_19_asm_ctg_m::ctg000013_P_140_17528_0	17388	0	0	0	NA	NA	NA	1	16837	96.83115	16837	16837	16837	1	96.83115
kir48JW_20_asm_ctg_m::ctg000000_P_188_163569_0	163381	2	8312	5.087495	4156	4154	4158	30	143112	87.59403	4770.4	721	22171	32	92.681526
kir48JW_20_asm_ctg_m::ctg000001_P_1091_136994_1	135903	0	0	0	NA	NA	NA	25	117023	86.10774	4680.92	398	22191	25	86.10774
kir48JW_20_asm_ctg_m::ctg000002_P_474_32315_0	31841	0	0	0	NA	NA	NA	3	24736	77.686005	8245.333	3432	17484	3	77.686005
kir48JW_20_asm_ctg_m::ctg000003_P_458_5408_1	4950	0	0	0	NA	NA	NA	0	0	0	NA	NA	NA	0	0
kir48JW_20_asm_ctg_m::ctg000010_P_195_23193_0	22998	0	0	0	NA	NA	NA	2	6004	26.106619	3002	2467	3537	2	26.106619
kir48JW_20_asm_ctg_m::ctg000011_P_76_23542_1	23466	0	0	0	NA	NA	NA	3	18933	80.68269	6311	3431	9374	3	80.68269
kir48JW_20_asm_ctg_m::ctg000012_P_630_17041_1	16411	0	0	0	NA	NA	NA	1	3034	18.4876	3034	3034	3034	1	18.4876
kir48JW_20_asm_ctg_m::ctg000013_P_142_18638_0	18496	0	0	0	NA	NA	NA	3	12134	65.60337	4044.6667	1445	6494	3	65.60337
kir48JW_21_asm_ctg_m::ctg000000_P_1971_193274_1	191303	14	57306	29.95562	4093.2856	575	16607	19	103309	54.00281	5437.316	721	22167	33	83.958435
kir48JW_21_asm_ctg_m::ctg000001_P_1548_48070_1	46522	0	0	0	NA	NA	NA	3	37750	81.1444	12583.333	3034	17485	3	81.1444
kir48JW_21_asm_ctg_m::ctg000002_P_135_31872_1	31737	0	0	0	NA	NA	NA	7	26199	82.55034	3742.7144	2343	6533	7	82.55034
kir48JW_21_asm_ctg_m::ctg000003_P_218_4959_1	4741	0	0	0	NA	NA	NA	0	0	0	NA	NA	NA	0	0
kir48JW_21_asm_ctg_m::ctg000008_P_332_31785_0	31453	0	0	0	NA	NA	NA	7	19636	62.429657	2805.1428	1567	4230	7	62.429657
kir48JW_21_asm_ctg_m::ctg000009_P_197_45756_1	45559	0	0	0	NA	NA	NA	9	41336	90.7307	4592.8887	1606	8192	9	90.7307
kir48JW_21_asm_ctg_m::ctg000010_P_134_25728_0	25594	0	0	0	NA	NA	NA	3	18933	73.974365	6311	3431	9373	3	73.974365
kir48JW_21_asm_ctg_m::ctg000011_P_339_17613_0	17274	0	0	0	NA	NA	NA	4	12543	72.612015	3135.75	1177	7757	4	72.612015
kir48JW_21_asm_ctg_m::ctg000012_P_127_16832_0	16705	0	0	0	NA	NA	NA	1	8483	50.781204	8483	8483	8483	1	50.781204
kir48JW_21_asm_ctg_m::ctg000013_P_297_12079_0	11782	0	0	0	NA	NA	NA	0	0	0	NA	NA	NA	0	0
kir48JW_22_asm_ctg_m::ctg000000_P_285_164458_0	164173	2	4934	3.0053663	2467	2467	2467	23	114454	69.715485	4976.2607	398	22190	25	72.72085
kir48JW_22_asm_ctg_m::ctg000001_P_460_46986_0	46526	0	0	0	NA	NA	NA	3	37753	81.143875	12584.333	3035	17482	3	81.143875
kir48JW_22_asm_ctg_m::ctg000002_P_137_32156_1	32019	0	0	0	NA	NA	NA	3	22048	68.859116	7349.3335	1946	13975	3	68.859116
kir48JW_22_asm_ctg_m::ctg000003_P_8336_13021_0	4685	0	0	0	NA	NA	NA	0	0	0	NA	NA	NA	0	0
kir48JW_22_asm_ctg_m::ctg000005_P_489_5303_1	4814	0	0	0	NA	NA	NA	0	0	0	NA	NA	NA	0	0
kir48JW_22_asm_ctg_m::ctg000009_P_1620_104718_1	103098	0	0	0	NA	NA	NA	14	82188	79.71832	5870.5713	736	16713	14	79.71832
kir48JW_22_asm_ctg_m::ctg000010_P_205_53747_1	53542	0	0	0	NA	NA	NA	11	39194	73.20235	3563.0908	1567	9359	11	73.20235
kir48JW_23_asm_ctg_m::ctg000000_P_1998_167605_1	165607	10	39056	23.583544	3905.6	1605	7285	16	108058	65.24966	6753.625	575	22168	26	88.8332
kir48JW_23_asm_ctg_m::ctg000001_P_199_46953_0	46754	0	0	0	NA	NA	NA	3	36259	77.55272	12086.333	3034	17523	3	77.55272
kir48JW_23_asm_ctg_m::ctg000002_P_7057_11617_0	4560	0	0	0	NA	NA	NA	0	0	0	NA	NA	NA	0	0
kir48JW_23_asm_ctg_m::ctg000003_P_7843_12800_0	4957	0	0	0	NA	NA	NA	0	0	0	NA	NA	NA	0	0
kir48JW_23_asm_ctg_m::ctg000009_P_3106_28704_1	25598	0	0	0	NA	NA	NA	1	17477	68.274864	17477	17477	17477	1	68.274864
kir48JW_23_asm_ctg_m::ctg000010_P_88_23797_1	23709	0	0	0	NA	NA	NA	3	6457	27.234383	2152.3333	575	3415	3	27.234383
kir48JW_23_asm_ctg_m::ctg000011_P_173_19933_0	19760	0	0	0	NA	NA	NA	2	7789	39.418015	3894.5	3635	4154	2	39.418015
kir48JW_24_asm_ctg_m::ctg000000_P_249_191743_0	191494	14	57537	30.046371	4109.7856	575	16838	19	103327	53.958347	5438.263	721	22167	33	84.00472
kir48JW_24_asm_ctg_m::ctg000001_P_423_46948_0	46525	0	0	0	NA	NA	NA	3	37752	81.14347	12584	3034	17483	3	81.14347
kir48JW_24_asm_ctg_m::ctg000002_P_212_32131_1	31919	0	0	0	NA	NA	NA	3	19743	61.853443	6581	1947	13976	3	61.853443
kir48JW_24_asm_ctg_m::ctg000003_P_363_5313_1	4950	0	0	0	NA	NA	NA	0	0	0	NA	NA	NA	0	0
kir48JW_24_asm_ctg_m::ctg000007_P_234_163505_0	163271	2	8315	5.09276	4157.5	4154	4161	30	129596	79.37478	4319.8667	720	16717	32	84.467545
